,artist_name,track_name,track_id,popularity,acousticness,danceability,duration_ms,energy,instrumentalness,key,liveness,loudness,mode,speechiness,tempo,time_signature,valence
0,Bon Jovi,Runaway,0X1sqQ652p1sceKM2nJlIJ,69,0.00482,0.476,230667,0.897,2.38e-05,9,0.152,-4.237,0,0.0627,152.497,4,0.667
1,Rise Against,Prayer Of The Refugee,2VGQ342iuqj6aSaYbyBQVJ,67,0.00131,0.198,199387,0.977,4.62e-05,3,0.23,-3.499,0,0.173,195.795,4,0.351
2,Slipknot,The Devil In I,5hheGdf1cb4rK0FNiedCfK,73,0.00591,0.398,342821,0.939,0.000881,9,0.357,-2.865,0,0.0648,92.027,4,0.235
3,Stone Sour,Song #3,5pOw4EIHqmSY7SbZETFGAc,45,0.00243,0.479,256525,0.937,0.0,1,0.132,-5.453,1,0.078,157.044,4,0.458
4,Volbeat,The Nameless One,7mlvzhveIBuqFUWaTIrkbW,49,2.36e-05,0.519,232507,0.85,2.3e-06,2,0.0671,-4.511,1,0.0264,109.031,4,0.619
5,Judas Priest,Painkiller,0L7zm6afBEtrNKo6C6Gj08,65,0.000195,0.435,365827,0.987,0.0847,1,0.268,-4.667,0,0.16,103.16,4,0.101
6,Within Temptation,The Reckoning,4GSjFSK1SM78wPTVbsSB0S,66,0.00356,0.31,251107,0.825,0.0,1,0.641,-4.53,1,0.0563,89.885,4,0.475
7,Rammstein,Ich will,3X0K6fII7VIwL1URPrp8Ko,69,0.00138,0.648,217107,0.896,0.000819,2,0.0879,-4.254,1,0.041,128.115,4,0.468
8,Amon Amarth,Twilight Of The Thunder God,5u3l2TONYacJgmRPQVaF9y,65,1.62e-05,0.374,248747,0.92,0.026,6,0.0802,-4.653,1,0.0501,191.014,4,0.278
9,Metallica,Master Of Puppets,2MuWTIM3b0YEAskbeeFE1i,74,0.000647,0.543,515387,0.836,0.431,4,0.153,-9.11,0,0.0353,105.173,4,0.56
10,Thousand Foot Krutch,Courtesy Call,4oNgvj3zUCsyAp0BuMkyxH,62,0.00402,0.532,236898,0.637,0.0,11,0.0822,-5.145,0,0.0812,164.069,4,0.445
11,Nonpoint,Chaos And Earthquakes,2imkodSyg1hOZwZuE2fJdU,65,0.000417,0.524,225133,0.843,0.125,10,0.375,-5.578,0,0.0536,85.993,4,0.212
12,Metallica,For Whom The Bell Tolls - Remastered,2dXsILW8gzkosqleHAvl0v,71,0.00613,0.518,309973,0.848,0.00508,0,0.0644,-6.169,1,0.0721,117.914,4,0.246
13,Rammstein,Engel,0xrkyEMkG4dVa5OMLQZOX8,70,0.00918,0.637,264267,0.658,0.00229,2,0.295,-5.775,1,0.0291,96.072,4,0.328
14,Linkin Park,Lying From You,4qVR3CF8FuFvHN4L6vXlB1,64,0.00777,0.535,175373,0.951,0.0,3,0.0669,-3.324,0,0.18,160.102,4,0.723
15,Stone Sour,Through Glass,5NeIONQWJ25uPylJBJiO4c,73,0.0417,0.545,282947,0.753,0.0,3,0.389,-4.618,0,0.036,105.754,4,0.434
16,Five Finger Death Punch,Blue On Black,1nemRFgJG6WIAtNwKArjXt,61,0.00104,0.509,274615,0.843,1.21e-05,7,0.0882,-5.628,1,0.0275,156.073,4,0.479
17,Pop Evil,Be Legendary,2mVFo8BJ6ZPh82QAOpCUbT,65,4.81e-05,0.547,203274,0.944,0.0451,4,0.195,-3.304,0,0.0507,93.966,4,0.364
18,System Of A Down,Toxicity,0snQkGI5qnAmohLE7jTsTn,79,0.000264,0.413,218933,0.873,0.0025,8,0.204,-4.151,1,0.0535,116.681,3,0.481
19,Foo Fighters,The Pretender,7x8dCjCr0x6x2lXKujYD34,78,0.000917,0.433,269373,0.959,0.0,9,0.028,-4.04,1,0.0431,172.984,4,0.365
20,Dio,Holy Diver,54yLLvpezvPO1lA3GspiZj,67,0.0125,0.473,340640,0.783,0.475,10,0.268,-10.671,0,0.0869,91.976,4,0.124
21,Slipknot,"Vermilion, Pt. 2",0O7lENhqOySbsL743G7PqD,67,0.334,0.589,224320,0.442,0.000424,4,0.0987,-8.517,1,0.0291,122.688,3,0.0904
22,Parkway Drive,Prey,7lMFAK8dv0QkWpIlZcWQlJ,65,3.28e-05,0.27,255231,0.964,0.0247,6,0.525,-4.545,1,0.0866,99.731,3,0.325
23,Skillet,Feel Invincible,0i8JFpqe9cKwnrcvoNgl1L,73,0.00045,0.603,229933,0.886,0.0,5,0.26,-3.777,0,0.0837,126.025,4,0.395
24,Tenacious D,Beelzeboss (The Final Showdown),0ffz9KBdCb7oJkSK0W7bbf,62,0.0149,0.47,335800,0.877,1.35e-06,2,0.171,-3.74,1,0.208,130.709,4,0.433
25,Thousand Foot Krutch,War of Change,5MgIar3zeFnDxTgvr3U37Z,58,0.00264,0.531,231665,0.887,0.000502,5,0.0657,-4.417,0,0.0323,104.025,4,0.621
26,ZZ Top,La Grange - 2005 Remaster,70YvYr2hGlS01bKRIho1HM,74,0.00249,0.545,230480,0.64,0.0304,4,0.196,-9.937,0,0.224,80.544,4,0.606
27,Three Days Grace,I Am Machine,2UDumaw7osnyjH7RZ2DLpB,68,1.29e-05,0.402,200147,0.97,2.62e-06,2,0.189,-4.538,0,0.0668,75.106,4,0.476
28,Bad Wolves,Zombie,1vNoA9F5ASnlBISFekDmg3,75,0.00756,0.448,254805,0.826,0.0,2,0.117,-3.244,0,0.0319,77.093,4,0.19
29,Rammstein,AMERIKA,1a8JpAL3vbAdXYrEABvOtb,67,0.00258,0.608,226760,0.885,1.33e-05,2,0.392,-4.296,0,0.0963,125.023,4,0.518
30,Korn,Twisted Transistor,77VW8u6inET54YAKN1RSnd,67,0.00043,0.58,188933,0.983,0.00694,5,0.0801,-3.291,0,0.0636,110.053,4,0.416
31,Lamb of God,Laid to Rest,0lCwaZYSRy6q0jLmnYiQxi,66,0.000216,0.359,230227,0.959,0.00343,1,0.435,-3.685,1,0.104,103.038,3,0.158
32,Evans Blue,Destroy The Obvious,5g0hXvfKYYZrEdnoCn1QQc,67,0.00019,0.447,228328,0.941,0.00425,2,0.315,-3.832,1,0.0492,95.006,4,0.319
33,Rammstein,OHNE DICH,4aFC7Mes7CW5vHcb8ZApAx,63,0.00389,0.424,271173,0.59,0.000432,2,0.114,-5.531,0,0.0294,136.033,4,0.204
34,Three Days Grace,Riot,1Q2fYlSdwuutWj3QplhY9q,71,0.0104,0.185,207587,0.948,0.0,8,0.105,-3.892,1,0.147,196.578,3,0.316
35,Rammstein,KEINE LUST,7eeDeUM9E7b0vkDfRz20Zt,64,0.000256,0.534,222933,0.892,0.0137,5,0.232,-4.877,1,0.0537,137.941,4,0.28
36,System Of A Down,Lonely Day,1VNWaY3uNfoeWqb5U8x2QX,73,0.362,0.47,167907,0.796,1.11e-06,8,0.133,-3.277,0,0.0336,113.108,3,0.215
37,DragonForce,Through The Fire And Flames,1iTb2vi8Bls7QY6CKL2gj2,67,0.00153,0.183,439213,0.952,0.00799,0,0.345,-4.862,0,0.118,100.031,4,0.117
38,Sabaton,The Last Stand,4luL1R4A2u0nesFPaJX0s8,56,0.00443,0.511,238518,0.947,0.0,7,0.117,-4.917,0,0.0457,104.046,4,0.494
39,Three Days Grace,The Mountain,5Z6UMh8TMzxXslMc3bRXy1,68,0.000572,0.492,198360,0.932,4.75e-06,10,0.123,-4.689,1,0.052,92.497,4,0.33
40,Slipknot,Psychosocial,2MvIMgtWyK88OiPi0J8Dg3,73,0.00252,0.576,283400,0.989,0.0032,2,0.0243,-1.909,1,0.112,135.093,4,0.352
41,Korn,Rotting In Vain,37AQCD39ZpJMH8nElWYHSF,0,0.000121,0.498,213000,0.946,2.56e-05,2,0.359,-4.793,1,0.0602,106.275,4,0.31
42,Rage Against The Machine,Killing In The Name,59WN2psjkt1tyaxjspN8fp,79,0.0266,0.466,313573,0.833,0.0,7,0.0327,-4.215,1,0.304,88.785,4,0.661
43,Five Finger Death Punch,Gone Away,0h8VX60lat4433GnbP6vQs,63,0.000436,0.505,275213,0.76,4.18e-05,10,0.139,-6.408,1,0.0414,106.058,4,0.244
44,Rammstein,Wollt ihr das Bett in Flammen sehen,26dOCdbA4tZIJh9pGOLuHx,60,5.82e-05,0.689,317333,0.769,0.293,2,0.719,-7.715,1,0.0452,129.931,4,0.659
45,Trivium,The Sin And The Sentence,6156ZPGcezId0Bmw7x7c7K,62,0.000386,0.517,349870,0.97,0.00026,1,0.0413,-3.992,1,0.0767,100.036,4,0.476
46,Kid Rock,All Summer Long,5rX6C5QVvvZB7XckETNych,74,0.0212,0.7,297587,0.864,0.0,7,0.0956,-3.629,1,0.0283,102.997,4,0.887
47,Volbeat,The Bliss,3jBxuyTAmkliaV09qYOwTo,54,0.000609,0.517,283366,0.88,4.49e-06,2,0.135,-4.143,1,0.0455,146.929,4,0.408
48,Metallica,Battery,6UB9mShVLbMm0W4e6vud4C,64,0.00022,0.481,312360,0.928,0.558,11,0.106,-8.799,0,0.0672,96.699,4,0.427
49,Sabaton,Carolus Rex,6imjjOJ63SnfvbYTARjyqz,52,0.000594,0.443,293827,0.846,9.09e-05,10,0.101,-5.545,0,0.0499,176.129,4,0.24
50,Linkin Park,CASTLE OF GLASS,1r1fPuhj9H4VdXr7OK6FL5,72,0.0686,0.615,205400,0.911,0.00188,1,0.0908,-3.584,0,0.0278,108.0,4,0.685
51,Alter Bridge,Metalingus,3UULkHdmLDqBDPmBYltoRE,64,9.05e-06,0.497,259960,0.982,0.0,8,0.0939,-3.272,1,0.108,109.911,4,0.183
52,Powerwolf,Incense & Iron,5KDcHol0FbJZCmNivYabkJ,50,0.000228,0.487,237933,0.952,0.0,1,0.161,-4.429,0,0.0613,125.993,4,0.329
53,Iron Maiden,Fear of the Dark - 2015 Remaster,6p8eFfPw3nQkf37aT3AkmK,70,0.000739,0.308,438120,0.866,0.00141,2,0.232,-5.671,0,0.059,109.825,4,0.227
54,Lifehouse,You And Me,0815caqt2Lytro5EIzMufT,77,0.103,0.456,195493,0.432,0.0,7,0.176,-7.682,1,0.0266,139.909,3,0.391
55,In Flames,Cloud Connected,4WLaGeR55YDrb9LiYKCkeI,61,5.87e-06,0.486,220707,0.895,0.849,8,0.0881,-5.358,1,0.0463,95.086,4,0.327
56,Metallica,Turn The Page,1aXFBWnnPFRKUN7vuIA5h0,63,1.53e-05,0.405,366467,0.825,0.01,8,0.0967,-3.946,1,0.0319,74.579,4,0.246
57,Mötley Crüe,"Girls, Girls, Girls",5xLyTbCFONUGUuG0LtUxjn,75,0.0296,0.6,270427,0.931,7.1e-05,7,0.392,-4.647,1,0.0734,140.123,4,0.542
58,Sick Puppies,You're Going Down,5FQXMRDSTkn9fowDJ3kZo8,66,0.0116,0.49,187347,0.833,0.000504,6,0.15,-5.899,1,0.0487,89.981,4,0.39
59,Theory of a Deadman,Rx (Medicate),7pV6zXFpCwrrmcosBAtp0o,55,0.0133,0.639,233173,0.71,0.0,1,0.118,-7.445,1,0.0275,119.989,4,0.378
60,Guns N' Roses,Don't Cry (Original),2N2yrmodOnVF10mKvItC9P,76,0.00182,0.456,283733,0.59,0.00379,11,0.104,-8.638,1,0.0327,124.635,4,0.243
61,Slipknot,Before I Forget,6wqJeItl3Vc3az4ZicSQAB,75,0.0177,0.291,278600,0.974,5.44e-06,6,0.886,-2.997,0,0.171,134.724,4,0.348
62,Skillet,Monster,2UREu1Y8CO4jXkbvqAtP7g,75,0.0431,0.64,178013,0.957,0.0,8,0.0789,-2.336,1,0.0741,134.992,4,0.692
63,Rise Against,Savior,1vcxF91pWs9uNwDROuiCPB,73,0.00154,0.554,242280,0.932,0.000142,5,0.425,-3.424,0,0.0484,112.49,4,0.478
64,Sabaton,Panzerkampf,6vSfLqN8kbh9UZBZoVWx1I,50,0.0052,0.485,315760,0.872,1.68e-06,6,0.31,-4.74,0,0.0457,98.096,4,0.533
65,Mötley Crüe,Home Sweet Home,4zXvB4MoQD8onk0NCZbeHG,75,0.0999,0.403,240933,0.777,3.28e-06,5,0.124,-6.416,1,0.0354,76.329,4,0.149
66,Breaking Benjamin,Blood,7gQ7DfSSc3b8e4cHtFnDxu,68,3.83e-05,0.478,189120,0.971,2.77e-05,7,0.295,-2.729,1,0.0858,90.526,4,0.284
67,Rammstein,Feuer frei!,5aNH8inF5BsbThDeOLs7zs,69,9.12e-05,0.491,188600,0.966,0.346,3,0.153,-3.974,1,0.0463,95.141,4,0.223
68,Skillet,Not Gonna Die,2jfk3m8nq5IvB35s2xIs1O,66,0.0106,0.445,225280,0.953,0.0,5,0.281,-2.463,0,0.0704,172.063,4,0.475
69,Machine Head,Is There Anybody out There?,3KWW3wKaQviTplvq6cFYFR,48,0.00532,0.408,272666,0.953,0.0,7,0.338,-3.883,1,0.226,177.94,4,0.291
70,Linkin Park,From The Inside,697M5JB8FDIyRXEXgl1pBZ,65,0.042,0.466,173933,0.965,0.0,1,0.101,-2.597,0,0.0904,95.028,3,0.453
71,Guns N' Roses,Sweet Child O' Mine,7o2CTH4ctstm8TNelqjb51,83,0.0852,0.454,354520,0.91,0.0988,6,0.116,-7.766,1,0.0446,125.116,4,0.63
72,Volbeat,Seal The Deal,0khGENsYIkglYAWBYVIELI,59,6.44e-05,0.53,249306,0.973,0.00558,4,0.129,-3.603,0,0.0663,105.997,4,0.432
73,Limp Bizkit,Rollin' (Air Raid Vehicle),3IV4swNduIRunHREK80owz,74,0.00506,0.599,213760,0.932,0.0,9,0.269,-3.328,1,0.18,96.234,4,0.692
74,Ozzy Osbourne,Crazy Train - Remastered,2b9lp5A6CqSzwOrBfAFhof,76,0.361,0.453,296200,0.906,0.000569,9,0.26,-4.001,1,0.115,137.575,4,0.473
75,Stone Sour,Absolute Zero,14EORgkbXqIx5K4Haucmnb,68,0.000108,0.552,229840,0.988,0.309,1,0.846,-2.555,0,0.0787,139.941,4,0.619
76,Airborn,Run Away (Mixed),6VsX6LlED8QrtpiS3AtOTT,38,7.03e-06,0.493,73193,0.843,0.957,6,0.261,-10.792,0,0.0653,131.968,4,0.208
77,Ghost,Rats,0g49s0Nl5LTXLKATAZ7Vfx,55,6.11e-06,0.522,261573,0.944,0.482,2,0.135,-5.731,0,0.0936,124.029,4,0.236
78,Soundgarden,Black Hole Sun,2EoOZnxNgtmZaD8uUmz2nD,78,0.000203,0.354,318587,0.825,6.95e-05,6,0.0758,-5.325,1,0.0406,105.495,4,0.16
79,Slipknot,All Out Life,6vAQtUlYrzolE6SS9QCTs5,74,0.000683,0.499,340132,0.97,0.136,0,0.0871,-2.838,1,0.116,106.558,4,0.0506
80,Papa Roach,Who Do You Trust?,7kJkTFmKYHrp9LT8w0oqpG,62,0.047,0.56,196480,0.885,3.47e-06,2,0.361,-5.631,1,0.0363,102.003,4,0.312
81,Linkin Park,Heavy (feat. Kiiara),104buTcnP2AsxqB7U1FIZ4,72,0.0484,0.59,169801,0.671,0.0,9,0.0604,-6.098,1,0.0706,149.982,4,0.438
82,Five Finger Death Punch,Under and Over It,35aYLuIWeFd7iM7rY3x5GB,60,1.41e-05,0.468,218133,0.996,0.0,11,0.26,-3.027,0,0.179,75.978,4,0.094
83,Saliva,They Don't Care About Us,2yhpa4tgc5SeM6ErBm26fK,61,0.00119,0.488,244040,0.899,0.0,7,0.0497,-3.673,1,0.0532,179.826,4,0.638
84,Thousand Foot Krutch,Untraveled Road,1aWjI4G6iWPgJx9UOFUqGt,56,0.000324,0.587,235689,0.869,2.05e-06,11,0.068,-5.918,1,0.042,125.023,4,0.441
85,The Darkness,I Believe in a Thing Called Love,756CJtQRFSxEx9jV4P9hpA,70,0.0538,0.442,217653,0.846,4.71e-06,4,0.282,-5.214,1,0.0764,128.235,4,0.622
86,Pantera,Walk,7fcfNW0XxTWlwVlftzfDOR,73,0.000155,0.43,315120,0.704,0.00221,1,0.0933,-8.008,0,0.0804,118.242,4,0.703
87,Children Of Bodom,Are You Dead Yet,2T2vudIHfVMA5ychWTU3KA,62,6.39e-06,0.461,234880,0.961,0.14,8,0.308,-3.011,1,0.0479,96.009,4,0.416
88,Ozzy Osbourne,Dreamer,78PKCefXwDLbl4FVO1Pjzh,65,0.0629,0.493,284907,0.636,2.49e-06,1,0.0921,-7.408,1,0.0256,79.419,4,0.279
89,Alestorm,Drink,6jZXJIJVTCSZ15lFUp5qzD,54,3.72e-05,0.509,202587,0.855,5.87e-05,8,0.0808,-4.567,1,0.046,160.051,4,0.804
90,Volbeat,The Mirror And The Ripper,22Lk4o5f7Wk0lK5BTzCK24,51,0.000507,0.339,239947,0.932,0.00141,9,0.31,-4.673,0,0.0735,121.448,4,0.579
91,Within Temptation,In Vain - Single Edit,5R1XvpGzmtj4cKmDwiDmVi,51,0.016,0.434,237762,0.949,0.0,5,0.29,-5.988,1,0.164,154.019,4,0.441
92,Black Sabbath,Paranoid - 2009 Remastered Version,1jzDzZWeSDBg5fhNc3tczV,74,4.22e-05,0.415,166693,0.646,0.000849,4,0.207,-12.021,0,0.0699,163.046,4,0.409
93,Bon Jovi,Wanted Dead Or Alive,0oerlffJSzhRVvtDfLcp3N,68,0.13,0.252,308667,0.802,0.0146,7,0.309,-3.976,1,0.0391,150.056,4,0.253
94,Twisted Sister,I Wanna Rock,70Z9t1qhytWtG4cCmmi7mU,69,0.00512,0.504,179760,0.911,0.0123,2,0.355,-2.97,1,0.0738,106.244,4,0.671
95,Five Finger Death Punch,My Nemesis,5f2uoq4GfpeViLcsP3FtES,55,2.87e-05,0.437,215872,0.97,0.0,1,0.252,-2.333,0,0.0771,74.995,4,0.509
96,Linkin Park,Good Goodbye (feat. Pusha T and Stormzy),650OeHTLxZAQmb4aEbGmaA,67,0.106,0.697,211413,0.84,0.0,9,0.748,-4.602,0,0.054,128.034,4,0.452
97,Killswitch Engage,My Curse,6zKF4293k44ItKWJJgrhXv,69,7.61e-05,0.197,244773,0.956,0.00992,10,0.261,-2.908,0,0.0663,177.018,3,0.209
98,Rage Against The Machine,Guerrilla Radio,1wsRitfRRtWyEapl0q22o8,71,0.0129,0.599,206200,0.957,7.06e-05,11,0.155,-5.764,1,0.188,103.68,4,0.489
99,Rammstein,PUSSY,50AB24h51HlBrp6PqOg50k,61,0.00158,0.573,239080,0.773,0.0957,7,0.0734,-4.629,1,0.0442,134.977,4,0.541
100,Godsmack,When Legends Rise,367RiGuLVLO3DTer4NuRLJ,57,0.000293,0.428,172826,0.914,1.29e-05,4,0.0869,-4.273,0,0.281,124.115,4,0.468
101,Sum 41,Fat Lip,4KacUpvbA3Mfo05gttTjhN,74,0.000618,0.574,178267,0.911,0.0,9,0.0769,-5.176,1,0.0715,98.075,4,0.573
102,Whitesnake,Is This Love - 2018 Remaster,3pHpV3pa96s4vuBP7sQq0V,67,0.0555,0.263,284496,0.759,0.0,0,0.231,-7.288,1,0.0431,179.904,4,0.429
103,Disturbed,Land Of Confusion,4ClGNWLK9vZMBtO0CpnyOE,65,4.44e-05,0.553,287067,0.991,0.0695,8,0.179,-3.703,1,0.0925,114.92,4,0.324
104,Skillet,Hero,4CbKVDZkYKdv69I4bCaKUq,73,0.00791,0.533,186813,0.967,0.0,1,0.336,-2.543,1,0.0995,142.018,4,0.782
105,In Flames,"I, the Mask",1UtEBed3vSJ9Yk7r3Hrc3c,57,2.64e-05,0.473,221387,0.985,0.0223,10,0.311,-4.687,0,0.0806,104.987,4,0.444
106,Linkin Park,What I've Done,18lR4BzEs7e3qzc0KVkTpU,78,0.0141,0.623,205613,0.93,1.64e-06,5,0.138,-5.285,1,0.0324,120.119,4,0.287
107,Pantera,Shattered,1aKNwG6Kqgw6pKBsFgjRBU,0,2.62e-05,0.342,201760,0.82,0.749,1,0.104,-10.91,0,0.046,119.421,4,0.525
108,Nickelback,Far Away,0ADZ5dmXhlfzjMw6lefoPl,70,0.000696,0.518,238173,0.797,0.0,6,0.107,-5.153,1,0.0309,132.915,4,0.293
109,Guns N' Roses,Paradise City,3YBZIN3rekqsKxbJc9FZko,78,0.0169,0.273,405640,0.952,0.0112,11,0.142,-8.762,1,0.0841,100.269,4,0.475
110,Halestorm,I Miss The Misery,60rHc4AkLlP4XVSATvBb6K,60,0.009,0.469,183507,0.969,1.11e-05,0,0.346,-2.219,1,0.0589,164.042,4,0.476
111,Metallica,Now That We’re Dead,2NBvvx52QAjipBnXvAekfs,56,9.24e-05,0.565,419075,0.949,0.099,2,0.254,-3.828,1,0.0464,128.303,4,0.331
112,Metallica,Seek & Destroy - Remastered,28WmNsclKsrVmdv3tDmoYU,66,0.039,0.438,414720,0.962,0.0129,9,0.0584,-5.481,1,0.26,140.831,4,0.483
113,System Of A Down,B.Y.O.B.,0EYOdF5FCkgOJJla8DI2Md,76,0.00662,0.556,255467,0.981,0.0,1,0.218,-2.688,0,0.128,101.423,4,0.716
114,Linkin Park,Numb,2nLtzopw4rPReszdYBJU6h,82,0.0046,0.496,185587,0.863,0.0,9,0.639,-4.153,1,0.0381,110.018,4,0.243
115,Pantera,Cowboys From Hell,2SgbR6ttzoNlCRGQOKjrop,71,0.00437,0.415,243533,0.908,0.0345,2,0.082,-9.701,1,0.0765,114.816,4,0.437
116,Rammstein,DEUTSCHLAND,1T8IRUJBga0JXioJZvxjBR,83,7.69e-05,0.515,322587,0.906,0.431,7,0.0934,-4.982,1,0.0445,120.132,4,0.194
117,Five Finger Death Punch,Far From Home,70WpP83384wgKixTKbt3Nb,57,0.00149,0.464,212493,0.688,3.85e-06,11,0.169,-5.352,0,0.0298,137.882,4,0.228
118,Judas Priest,Breaking the Law,2RaA6kIcvomt77qlIgGhCT,70,0.024,0.362,153840,0.961,9.35e-06,2,0.159,-5.664,1,0.0857,164.019,4,0.491
119,Metallica,Sad But True,1PhLYngBKbeDtdmDzCg3Pb,69,0.000819,0.633,323933,0.846,0.00139,7,0.0762,-6.347,1,0.0337,89.23,4,0.448
120,Volbeat,Cape Of Our Hero,2t7PpeHfNwPgkhz71wdAuQ,49,9.48e-05,0.516,229093,0.95,3.07e-05,0,0.111,-4.788,1,0.0432,104.359,4,0.583
121,In Flames,Stay with Me,6G7KraD6OUZ8lSMfgjiPr5,56,0.000975,0.424,316907,0.757,0.000608,5,0.129,-7.259,0,0.0364,95.043,4,0.244
122,Nickelback,When We Stand Together,4bCOAuhvjsxbVBM5MM8oik,68,0.000102,0.446,190787,0.9,1.89e-05,10,0.0404,-3.541,0,0.0489,187.961,4,0.88
123,Dio,Rainbow In The Dark,5qFxuUIAwJlzO60vqOiL7y,65,7.06e-05,0.508,252693,0.912,0.403,9,0.0492,-8.049,0,0.0368,117.582,4,0.682
124,Metallica,Hardwired,0QV3swr7L8MZr72lL2izV1,63,1.11e-05,0.128,189347,0.991,0.00362,11,0.219,-3.289,1,0.0582,186.124,4,0.53
125,Thin Lizzy,The Boys Are Back in Town,43DeSV93pJPT4lCZaWZ6b1,75,0.234,0.445,266720,0.706,0.000252,8,0.205,-9.803,1,0.0461,80.823,4,0.768
126,Volbeat,The Devil's Bleeding Crown,3TjQAc2PzWzlSDrnq61J1y,66,1.62e-05,0.32,238653,0.909,0.139,7,0.0443,-4.612,1,0.0412,109.649,3,0.21
127,Guns N' Roses,Welcome To The Jungle,0bVtevEgtDIeRjCJbK3Lmv,79,0.0232,0.446,272027,0.954,0.395,8,0.297,-8.069,1,0.0764,123.45,4,0.332
128,Hollywood Undead,Bullet,7MB22jLCA12Ev7Jjp3e1aU,66,0.179,0.681,197813,0.833,0.0,4,0.0677,-4.334,1,0.121,184.975,4,0.889
129,Red Hot Chili Peppers,Dark Necessities,2oaK4JLVnmRGIO9ytBE1bt,76,0.0722,0.7,302000,0.742,0.0199,5,0.11,-6.777,0,0.0716,91.959,4,0.197
130,In Flames,We Will Remember,6UCAWVo1Rcdrfw72MJWShS,56,0.000173,0.479,244899,0.939,6.05e-05,2,0.317,-5.192,0,0.073,92.495,4,0.391
131,Ozzy Osbourne,"Mama, I'm Coming Home",0S3gpZzlT9Hb7CCSV2owX7,69,0.0105,0.282,251867,0.656,0.0,8,0.0892,-6.557,1,0.0302,139.352,4,0.242
132,Metallica,Enter Sandman,5sICkBXVmaCQk5aISGR3x1,80,0.00213,0.577,331267,0.828,0.0114,6,0.0581,-8.691,0,0.0298,123.257,4,0.604
133,Alice Cooper,Poison,5XcZRgJv3zMhTqCyESjQrF,71,0.0327,0.28,270080,0.908,8.85e-06,2,0.18,-5.509,0,0.109,118.698,4,0.26
134,Nightwish,Nemo,2edSHS8PhbiPgLxQhMpMkO,57,0.000158,0.491,279373,0.744,0.000102,3,0.325,-6.306,1,0.0351,125.058,4,0.375
135,Linkin Park,Given Up,1fLlRApgzxWweF1JTf8yM5,68,0.00117,0.655,189293,0.885,0.000473,7,0.0448,-4.116,1,0.0438,100.088,4,0.938
136,Seether,Broken,5lzXML8WVfoQeUvEVakaHx,63,0.00897,0.405,258516,0.606,0.00101,3,0.143,-2.929,0,0.0366,123.777,4,0.188
137,Red Hot Chili Peppers,Snow (Hey Oh),2aibwv5hGXSgw7Yru8IYTO,80,0.127,0.432,335067,0.895,1.16e-05,11,0.141,-3.682,1,0.0504,104.458,4,0.625
138,Red Hot Chili Peppers,Californication,48UPSzbZjgc449aqz8bxox,82,0.0021,0.592,329733,0.767,0.00165,9,0.127,-2.788,0,0.027,96.483,4,0.328
139,Ghost,Cirice,6cgN2vyuaNpep38VQ0TIN5,52,0.00298,0.438,362098,0.797,7.89e-06,7,0.223,-5.566,0,0.0327,180.057,4,0.253
140,Skillet,Comatose,5pRElcsPZrgZXkoON2o5Go,67,0.00116,0.359,230427,0.955,0.0,4,0.349,-2.323,0,0.12,170.033,4,0.446
141,Rammstein,Sonne,3gVhsZtseYtY1fMuyYq06F,72,0.0054,0.51,272440,0.917,0.000133,4,0.396,-4.806,0,0.0854,75.098,4,0.313
142,Amon Amarth,Raven's Flight,6MUxFq07nqKi16xJ56CLZW,62,0.0005,0.484,320613,0.996,0.0817,10,0.382,-5.045,0,0.12,120.041,4,0.0684
143,Three Days Grace,I Hate Everything About You,6rUp7v3l8yC4TKxAAR5Bmx,75,0.00461,0.498,231480,0.83,0.0,6,0.139,-5.157,0,0.0421,89.342,4,0.453
144,Metallica,The Unforgiven II,6nswV1Lz3OZkaiCJfmVUOa,64,0.00055,0.497,396440,0.89,0.00129,8,0.255,-4.559,0,0.0445,133.047,4,0.249
145,Papa Roach,Falling Apart,1Ka4sX789wNftDGgjCO2h7,64,8.26e-05,0.528,188920,0.942,0.0,3,0.344,-2.825,0,0.0512,110.058,4,0.421
146,Faith No More,Easy,4Y3WqmBWmG23thvU9xEhMv,66,0.339,0.506,186960,0.554,0.000355,10,0.112,-6.743,0,0.0339,124.724,4,0.375
147,Five Finger Death Punch,Sham Pain,0nqIqABZcujg05mkixJV60,65,0.000176,0.554,209703,0.938,2.9e-06,11,0.147,-4.901,0,0.0532,96.5,4,0.4
148,Skillet,Awake and Alive,0nkzd3yNniB767zSDDdLZ3,69,0.0425,0.434,209493,0.939,0.0,4,0.491,-2.983,0,0.0593,159.932,4,0.569
149,Sabaton,Winged Hussars,3XmrptxAPr4ZNtf6aFAEpq,48,0.00612,0.538,233647,0.927,0.000192,6,0.27,-4.545,0,0.0309,92.002,4,0.699
150,Van Halen,Jump (Mixed) - Armin van Buuren Remix,23FH4EpUY4p2mqXjMyMsmj,44,0.000239,0.531,261159,0.642,2.13e-05,0,0.121,-10.358,1,0.0304,129.854,4,0.038
151,System Of A Down,Radio/Video,41pOIT2t1rvr2Trg1HQChZ,68,0.173,0.361,249227,0.921,6.95e-06,6,0.358,-2.468,0,0.0717,139.259,4,0.466
152,Theory of a Deadman,Angel,2qJkesdHu9sMMVFgkRkqhQ,68,0.00251,0.443,202213,0.844,0.0,11,0.085,-5.414,0,0.0425,76.001,4,0.452
153,Nickelback,Woke up This Morning,1aHctSLsRl8bo7fDC113Su,4,2.74e-05,0.446,230227,0.885,0.00116,5,0.0398,-5.466,1,0.0389,176.085,4,0.57
154,The Offspring,Self Esteem,6EsBn1Md8C5YdbCzvwvZq8,72,0.0175,0.458,257760,0.912,0.0,5,0.363,-3.666,1,0.0618,104.526,4,0.611
155,Volbeat,Maybellene i Hofteholder,1WbsiwkBbjP9w7T8fBUoiz,60,0.00408,0.247,200827,0.942,1.86e-06,0,0.0864,-2.796,1,0.0691,94.094,4,0.601
156,Danzig,Mother,7txxAtOMwLLnQTpKeBL6bp,68,0.01,0.364,204867,0.755,0.000366,11,0.0856,-9.308,0,0.0689,148.83,4,0.454
157,Whitesnake,Here I Go Again,567EwOGPAXg7Y9DQZTEFEE,63,0.369,0.234,308240,0.75,0.000805,4,0.139,-7.034,0,0.0738,173.82,4,0.316
158,Linkin Park,LOST IN THE ECHO,2oNYsdCasRRlz1shXFAz7D,67,0.0154,0.546,205120,0.98,0.0,9,0.31,-3.02,0,0.0619,120.037,4,0.478
159,Volbeat,Let It Burn,5dteehIiJIbnsZZnfG4u62,54,0.000168,0.514,219427,0.906,0.000682,7,0.32,-4.267,1,0.0494,106.97,4,0.485
160,Five Finger Death Punch,Top Of The World,53yqxU2EKKzbuQZEUEVtxc,59,0.00115,0.48,162052,0.98,0.0,4,0.221,-4.436,1,0.0854,73.977,4,0.719
161,3 Doors Down,Here Without You - Acoustic Version,2Zi27tBhXnDQTz3porgaiw,61,0.0199,0.546,232013,0.569,0.0,10,0.218,-6.25,0,0.0256,143.758,4,0.314
162,Five Finger Death Punch,Bad Company,1UWGkn34CD31VQfdi4D8Zp,66,0.000595,0.557,262440,0.886,9.84e-05,11,0.0904,-4.196,0,0.0498,114.025,4,0.17
163,Sabaton,Ghost Division,0OPBa3TyMXz4WlvdjkOL1Y,52,0.000101,0.343,231187,0.945,1.05e-05,4,0.346,-3.259,1,0.0554,176.132,4,0.54
164,Alestorm,Fucked with an Anchor,6ySfvnEGsR5keLq9f3i1AU,50,0.000505,0.537,207493,0.971,0.0,10,0.117,-3.926,0,0.0783,76.964,4,0.472
165,Ugly Kid Joe,Cats In The Cradle,5x9RZg7HfXGY3JayXL3seF,65,0.129,0.443,242173,0.527,0.0,8,0.0774,-9.479,1,0.0315,152.025,4,0.469
166,Nickelback,Someday,2mcs0qnpkUfZl86GYD08wz,0,0.000487,0.445,207667,0.859,0.000117,11,0.162,-4.383,0,0.0395,163.047,4,0.587
167,Rammstein,ICH TU DIR WEH,7ritPWOWvsthxFDxOz1OjH,65,0.00112,0.295,301853,0.878,0.191,2,0.113,-5.034,1,0.0541,165.083,3,0.295
168,Alice In Chains,Would?,5sFDReWLrZHLFZFjHsjUTS,72,0.000332,0.305,206773,0.832,2.4e-05,6,0.091,-7.981,1,0.0398,100.677,4,0.585
169,Five Finger Death Punch,"Blue On Black (feat. Kenny Wayne Shepherd, Brantley Gilbert & Brian May)",3lwpE0SEaQV5DWNjqMtYEk,0,0.0018,0.45,274615,0.872,1.61e-05,7,0.0833,-4.91,1,0.0353,156.059,4,0.396
170,Five Finger Death Punch,I Apologize,6rLrVRpM8XY6UZAIl15JWV,58,0.00068,0.505,242956,0.929,0.0,9,0.167,-4.69,0,0.0529,77.991,4,0.419
171,Linkin Park,In The End,60a0Rd6pjrkxjPbaKzXjfq,84,0.0103,0.542,216933,0.853,0.0,3,0.108,-6.407,0,0.0498,105.256,4,0.37
172,Van Halen,Jump - 2015 Remaster,7N3PAbqfTjSEU1edb2tY8j,79,0.171,0.572,241600,0.835,0.000376,0,0.0702,-6.219,1,0.0317,129.994,4,0.796
173,3 Doors Down,Kryptonite,6ZOBP3NvffbU4SZcrnt1k6,79,0.00664,0.545,233933,0.865,1.12e-05,11,0.168,-5.708,0,0.0286,99.01,4,0.543
174,Bloodhound Gang,Foxtrot Uniform Charlie Kilo,6uGQKWdjmKvgH1QdDCcM8N,60,0.00463,0.786,171973,0.611,0.0271,10,0.0544,-5.082,0,0.0374,137.021,4,0.787
175,Rammstein,BENZIN,1XanLfYUUBB6bLbnSh1KyU,61,0.000393,0.527,226000,0.947,0.00372,4,0.075,-4.205,0,0.0574,142.008,4,0.206
176,Scorpions,Send Me An Angel,1bKQ48M9onID2kbSpRy8kK,69,0.47,0.349,273200,0.448,0.00257,1,0.242,-11.554,1,0.0304,107.833,4,0.187
177,Sum 41,Still Waiting,0jqK7sGTLsHPkQrrcrGuKD,69,0.00105,0.431,158733,0.95,3.63e-05,7,0.272,-4.918,1,0.26,191.936,4,0.56
178,Amaranthe,Drop Dead Cynical,5VToMJACRoeT0YZNs5CYyp,62,4.21e-05,0.524,197853,0.907,0.000218,7,0.0935,-3.946,1,0.0886,140.056,4,0.543
179,Linkin Park,Somewhere I Belong,3fjmSxt0PskST13CSdBUFx,70,0.00038,0.451,213933,0.951,2.39e-06,1,0.261,-3.754,1,0.0645,162.065,4,0.442
180,Nightwish,Over The Hills And Far Away,4004xnMLj5QGxWvu6JPcJ7,57,0.000431,0.367,302267,0.922,0.000204,4,0.108,-3.226,0,0.0737,136.189,4,0.405
181,Sabaton,Resist and Bite,0DhsBWaVj3Fk4gzUzngAmP,49,0.00156,0.519,207160,0.953,1.49e-06,11,0.0844,-4.974,0,0.0863,126.972,4,0.152
182,Metallica,The Unforgiven,4aYLAF6ckQ5ooGGGM7sWAa,74,0.0108,0.54,386493,0.584,0.00296,7,0.253,-9.579,1,0.0254,139.261,4,0.244
183,Limp Bizkit,My Way,2gSVKxPDww9Eep5rdvtdem,71,0.0188,0.587,272973,0.873,0.0,6,0.687,-3.989,1,0.046,97.068,4,0.591
184,Motörhead,Ace of Spades,6EPRKhUOdiFSQwGBRBbvsZ,75,0.00242,0.317,165907,0.981,0.00677,6,0.0852,-7.102,1,0.174,140.079,4,0.234
185,In Flames,Voices,3eeZ9tM0PSEUrVDZnqbmay,58,0.000125,0.562,287542,0.934,0.0261,10,0.0675,-6.439,0,0.0653,108.988,4,0.133
186,Bad Wolves,Zombie (Acoustic),4Y2bR875LdPq9JILrY2FSw,60,0.0646,0.499,259253,0.494,0.0,2,0.182,-6.069,0,0.0264,77.011,4,0.129
187,Iron Maiden,Run to the Hills - 2015 Remaster,4Zc7TCHzuNwL0AFBlyLdyr,71,0.0286,0.249,233507,0.943,0.00401,0,0.162,-5.188,1,0.0669,173.671,4,0.458
188,Megadeth,Symphony Of Destruction,51TG9W3y9qyO8BY5RXKgnZ,70,0.000805,0.61,246733,0.891,0.0928,4,0.0657,-5.452,0,0.0587,139.903,4,0.51
189,Defecto,Savage,6pr4j35TFPenVcyzZA8nhf,40,0.00218,0.404,205053,0.947,0.0,7,0.281,-4.235,0,0.115,140.002,4,0.508
190,Five Finger Death Punch,I Refuse,5blVBAYmD054eTH3OsYGu8,58,0.0479,0.514,218789,0.849,0.0,11,0.0951,-5.668,1,0.06,154.995,4,0.365
191,Volbeat,Marie Laveau,0SSNXT9L0sjrqRaANvSBt2,54,0.000236,0.587,193680,0.908,1.92e-05,7,0.0888,-3.665,1,0.0387,108.984,4,0.323
192,The Offspring,Pretty Fly (For A White Guy),3SFXsFpeGmBTtQvKiwYMDA,74,0.112,0.722,188667,0.901,0.0,11,0.0674,-3.66,0,0.105,143.401,4,0.963
193,Disturbed,Stricken,6RJdYpFQwLyNfDc5FbjkgV,73,8.51e-05,0.404,245227,0.969,0.0114,8,0.268,-2.938,1,0.195,173.878,4,0.29
194,Red Hot Chili Peppers,Scar Tissue,1G391cbiT3v3Cywg8T7DM1,78,0.0779,0.595,215907,0.717,0.00274,0,0.108,-4.803,1,0.0295,88.969,4,0.547
195,Drowning Pool,Bodies,7CpbhqKUedOIrcvc94p60Y,74,0.00347,0.656,201960,0.932,0.00147,4,0.144,-3.405,0,0.0708,130.936,4,0.544
196,Tenacious D,Tribute,6crBy2sODw2HS53xquM6us,66,0.181,0.365,248053,0.767,0.000856,9,0.0942,-6.185,0,0.0681,94.174,4,0.422
197,Five Finger Death Punch,Jekyll and Hyde,6efSwlK3LOlWOeKK9xlUKF,66,0.000599,0.537,206903,0.964,1.14e-05,9,0.0564,-4.157,1,0.113,155.017,4,0.712
198,Disturbed,Are You Ready,4zvqMZ6g4wKZaPpOQvoBpP,68,0.000107,0.392,261680,0.976,0.0,7,0.271,-2.189,1,0.107,199.888,4,0.521
199,Bullet For My Valentine,Radioactive,2okeBtFNVJ4n33NEV1RxBm,61,0.0331,0.527,193080,0.695,3.78e-05,9,0.31,-4.99,1,0.0346,142.922,4,0.271
200,Mötley Crüe,Dr. Feelgood,5X0bLSho0KTiSQYCI0IOcl,73,0.000886,0.535,291307,0.967,0.0204,2,0.233,-4.082,1,0.068,110.97,4,0.347
201,ZZ Top,Sharp Dressed Man - 2008 Remaster,1UBQ5GK8JaQjm5VbkBZY66,73,0.000359,0.601,258027,0.859,0.00124,5,0.0871,-5.263,1,0.0276,125.145,4,0.446
202,Slipknot,Wait and Bleed,2gscB6kDOmrv1P6qs2KXE3,70,0.00208,0.382,147840,0.996,0.0,7,0.417,-4.119,1,0.104,93.345,4,0.327
203,Rammstein,Asche zu Asche,72FYliCNWAriQ9P45MC9zI,61,0.00391,0.586,231733,0.909,0.0384,9,0.0795,-7.506,1,0.0778,169.978,4,0.683
204,Sabaton,The Lost Battalion,1oB8wmdkbT0jneWOKKyf1a,53,0.00114,0.407,219627,0.965,0.0,7,0.288,-4.597,0,0.0965,175.96,4,0.433
205,Mötley Crüe,Shout At The Devil,1hqrYSqvNc9x3BETX1cZhk,73,0.02,0.489,195853,0.953,0.00021,0,0.113,-4.615,1,0.0858,94.443,4,0.447
206,Ghost,Dance Macabre,2z261lioax3aehvWjorAk8,59,1.89e-05,0.619,219720,0.696,0.00555,7,0.38,-6.269,0,0.0315,125.986,4,0.727
207,Disturbed,Inside The Fire,5cxp9kjCFyJwzv3lzeX7ku,66,0.000233,0.463,231573,0.962,0.109,7,0.0906,-6.43,1,0.0704,94.003,4,0.66
208,Rammstein,Mutter,7jfZybgHr6yzp4iuMS2K8u,62,0.0152,0.491,268600,0.616,0.00045,4,0.125,-6.53,1,0.0349,116.145,4,0.0824
209,Nickelback,Rockstar,3RlsVPIIs5KFhLFhxZ4iDF,71,0.0459,0.616,252040,0.91,0.0,0,0.343,-3.004,1,0.0386,144.073,4,0.693
210,Evanescence,Going Under,3UygY7qW2cvG9Llkay6i1i,70,0.00744,0.367,214947,0.86,0.000109,11,0.214,-4.82,0,0.0535,175.021,4,0.461
211,Volbeat,Sad Man's Tongue,6Hr4vhhv2yYqvK96xKY9eI,57,3.56e-05,0.427,185827,0.959,0.000951,7,0.171,-4.375,1,0.0435,109.95,4,0.564
212,Marilyn Manson,Tainted Love,0ZeKQudydO2uQJpfr6gNC8,62,0.00107,0.621,200427,0.876,1.83e-06,8,0.292,-7.779,1,0.0728,142.017,4,0.537
213,Stone Sour,Bother,0AfIsqZ4gTUg9CwwW2jLeK,67,0.388,0.272,240400,0.281,2.29e-05,1,0.158,-7.634,1,0.0287,89.914,4,0.141
214,Disturbed,Warrior,2TNPagu8Z4zvDOpmnktF00,63,1.16e-05,0.549,204827,0.969,0.106,1,0.104,-2.763,1,0.049,101.055,4,0.348
215,Breaking Benjamin,The Diary of Jane - Single Version,5pvJ59i7JxylN8VB24xdMs,70,5.53e-05,0.374,200547,0.961,0.0834,10,0.138,-4.421,0,0.0851,167.032,4,0.357
216,Red Hot Chili Peppers,Otherside,64BbK9SFKH2jk86U3dGj2P,79,0.00316,0.458,255373,0.795,0.000202,0,0.0756,-3.265,1,0.0574,123.229,4,0.513
217,In Flames,Follow Me,2eNUL3p4kzslYr1408h6tB,57,0.000139,0.535,295543,0.94,0.000118,1,0.0906,-5.426,1,0.0366,97.498,4,0.171
218,Amon Amarth,Raise Your Horns,5gNyrx8elXaXXs3vFC1ufZ,59,6.85e-05,0.46,263787,0.876,0.798,5,0.151,-5.39,1,0.045,164.992,3,0.499
219,Hollywood Undead,Undead,4U0p10TUdRyhQ06ZqGAtxx,62,0.0138,0.512,265053,0.943,0.0,2,0.261,-5.185,0,0.106,163.128,4,0.485
220,Nickelback,Lullaby,2vBiZ7nBe0OqTZKWGP0s4K,66,0.000372,0.508,228107,0.832,0.0,11,0.0859,-4.395,1,0.032,136.004,4,0.404
221,Limp Bizkit,Take A Look Around,2avKuMN2QXkaG9vvHa2JLt,71,0.0201,0.479,321040,0.861,0.314,3,0.0862,-5.659,0,0.0458,101.92,4,0.556
222,Nickelback,Feed The Machine,0oF3DPMcjAw9P4vlyp0reZ,61,6.97e-06,0.547,302135,0.962,0.00167,5,0.449,-4.268,1,0.104,136.005,4,0.381
223,Nickelback,How You Remind Me,0gmbgwZ8iqyMPmXefof8Yf,79,0.00135,0.446,223840,0.764,0.0,10,0.099,-5.042,1,0.033,172.094,4,0.543
224,Shinedown,Cut The Cord,4LFBVDJV0xpayUvquQVzhS,68,0.00349,0.447,224597,0.966,0.000198,7,0.312,-2.966,1,0.089,178.105,4,0.533
225,Crazy Town,Butterfly,4BggEwLhGfrbrl7JBhC8EC,71,0.00132,0.736,216733,0.811,0.000142,9,0.107,-4.17,0,0.081,103.502,4,0.609
226,Volbeat,Lonesome Rider,5OQpefBqvNotEUwx0w2McV,55,0.0074,0.602,244560,0.941,0.00201,0,0.157,-4.152,0,0.0384,111.988,4,0.604
227,Dope,Die MF Die,5bU4KX47KqtDKKaLM4QCzh,69,0.00169,0.657,186067,0.96,0.000997,5,0.109,-3.524,0,0.07,126.02,4,0.567
228,Red Hot Chili Peppers,Give It Away,0uppYCG86ajpV2hSR3dJJ0,74,0.00244,0.666,282907,0.936,0.086,7,0.153,-9.919,1,0.0476,91.577,4,0.776
229,Pretty Maids,Please Don't Leave Me,77ZIkT6DwOXP3RCU2nqNJq,46,0.0415,0.505,315000,0.873,0.0679,1,0.213,-7.197,0,0.0357,120.047,4,0.52
230,Sum 41,In Too Deep,1HNE2PX70ztbEl6MLxrpNL,75,0.000178,0.577,207093,0.838,1.07e-06,9,0.0588,-5.793,1,0.0586,116.048,4,0.802
231,Blue Öyster Cult,(Don't Fear) The Reaper,5QTxFnGygVM4jFQiBovmRo,76,0.0029,0.333,308120,0.927,0.000211,9,0.297,-8.55,0,0.0733,141.47,4,0.382
232,Black Veil Brides,In The End,1RTYixE1DD3g3upEpmCJpa,61,0.000187,0.438,228280,0.952,0.0129,8,0.0958,-4.19,1,0.106,140.004,4,0.367
233,Iron Maiden,The Trooper - 2015 Remaster,4OROzZUy6gOWN4UGQVaZMF,72,0.0318,0.285,252733,0.908,0.00909,4,0.311,-4.601,0,0.0705,159.756,4,0.669
234,Slayer,Raining Blood,4fiOTntQKr24p07FvQDHZE,64,0.000401,0.231,255187,0.995,0.374,10,0.123,-4.377,0,0.165,88.382,4,0.0374
235,Korn,Freak On a Leash,6W21LNLz9Sw7sUSNWMSHRu,73,2.23e-05,0.353,255733,0.898,0.105,2,0.39,-5.877,1,0.052,103.293,4,0.525
236,The Offspring,The Kids Aren't Alright,4EchqUKQ3qAQuRNKmeIpnf,78,0.00705,0.529,180160,0.943,3.16e-05,1,0.0696,-4.192,1,0.034,99.604,4,0.788
237,Disturbed,The Light,1MTELuKDa4b8VOHF97ffuY,60,0.00456,0.512,256853,0.968,1.24e-06,6,0.115,-3.874,1,0.0658,160.102,4,0.646
238,Alien Ant Farm,Smooth Criminal,5z6xHjCZr7a7AIcy8sPBKy,75,0.00434,0.647,209267,0.964,0.0036,9,0.15,-4.225,0,0.06,126.942,4,0.875
239,Three Days Grace,Infra-Red,6x5deYIe42rgRbStECDjYQ,68,0.00115,0.568,230933,0.907,0.0,5,0.0982,-4.641,0,0.0488,112.037,4,0.337
240,Papa Roach,Elevate,1SNipdzMky2C2LwvoVRzsv,71,0.0226,0.666,191565,0.775,0.0,2,0.254,-5.458,0,0.0979,144.998,4,0.59
241,Within Temptation,Supernova,4GBbBy05LoSveNxjKxj26m,60,0.00327,0.203,336080,0.928,0.0,4,0.355,-4.838,0,0.0823,95.298,3,0.41
242,Powerwolf,We Drink Your Blood,3pWvRhml43vlUrGYlIzLM6,61,0.00634,0.344,222560,0.92,0.0,1,0.0816,-5.122,0,0.0487,115.727,4,0.505
243,Skid Row,18 and Life,0qgrrDnUUhyxpxbBznUnzg,70,0.0023,0.466,229960,0.648,1.49e-05,1,0.112,-11.101,0,0.028,90.435,4,0.305
244,Five Finger Death Punch,Remember Everything,4G2GSsAneHpcG5J8cKGXyw,56,0.00943,0.368,278813,0.824,0.0,1,0.11,-4.07,0,0.0401,161.974,4,0.12
245,Slipknot,Spit It Out,2W2eaLVKv9NObcLXlYRZZo,66,0.0309,0.331,159773,0.946,5.62e-06,7,0.254,-4.599,1,0.0775,139.965,4,0.534
246,Papa Roach,Born For Greatness,5cRPdqpWkaNmIbPi6wJDg2,68,0.0571,0.525,227847,0.85,0.0,9,0.0555,-5.469,0,0.0678,134.115,4,0.275
247,In Flames,Only for the Weak,03zYFtluA21jFWQVPMbUYO,64,2.32e-06,0.458,295227,0.909,0.758,0,0.283,-4.414,0,0.0446,105.007,4,0.49
248,Linkin Park,Bleed It Out,0UFDKFqW2oGspYeYqo9wjA,74,0.114,0.529,166373,0.967,0.0,1,0.61,-3.647,0,0.0508,140.127,4,0.596
249,Korn,Coming Undone,6p2liQLGoDaLXgND68bfVt,71,0.000658,0.687,199773,0.677,0.000146,2,0.0564,-4.172,1,0.0508,75.052,4,0.546
250,Queens of the Stone Age,No One Knows,6y20BV5L33R8YXM0YuI38N,71,0.0368,0.509,278747,0.584,9.96e-05,0,0.384,-4.907,1,0.057,170.411,4,0.685
251,Limp Bizkit,Behind Blue Eyes,1MTQHCpraD4S8g5PAFKzoj,72,0.455,0.584,269973,0.491,0.0,7,0.116,-6.631,1,0.0263,120.283,4,0.0916
252,Linkin Park,Papercut,1Vej0qeQ3ioKwpI6FUbRv1,74,0.00022,0.524,184867,0.939,0.0,9,0.623,-3.994,1,0.113,150.184,4,0.661
253,Disturbed,The Vengeful One,3jjU4Pky1ja5J1onU6ei4T,66,0.000213,0.238,252003,0.967,1.18e-06,4,0.26,-2.602,0,0.136,170.128,4,0.58
254,Rammstein,MEIN LAND,1Cssm6TMieYSFz8gQyPzxa,61,0.000112,0.361,233187,0.893,0.0837,5,0.244,-4.988,0,0.0364,176.1,4,0.353
255,Pantera,Medicine Man,1xYVPWfQEhNG2jfJ0s75hh,0,0.00419,0.451,314960,0.941,0.0912,2,0.22,-7.273,1,0.0985,103.638,4,0.432
256,Hammerfall,Hearts on Fire,5cIgTO97kYIxaiV9WwraIj,52,0.000431,0.577,231387,0.901,3.59e-06,1,0.672,-5.981,1,0.0492,90.997,4,0.337
257,Volbeat,Pearl Hart,5gz7gCGJ9nSivY3yqXvvwU,50,3.71e-05,0.547,206560,0.94,0.000663,2,0.169,-5.23,1,0.0396,104.975,4,0.484
258,Breaking Benjamin,The Diary of Jane,1XKopm6Ka62xxgI3xIjcRJ,60,6.2e-05,0.395,200549,0.959,0.0447,10,0.102,-4.409,0,0.0632,167.093,4,0.319
259,W.A.S.P.,I Wanna Be Somebody,6w8dBm5KlXxWejYrbGS1EJ,65,0.000826,0.285,223533,0.825,0.0,1,0.268,-7.049,0,0.0466,164.611,4,0.516
260,Twisted Sister,We're Not Gonna Take It,1hlveB9M6ijHZRbzZ2teyh,74,0.0127,0.502,219667,0.924,0.0,4,0.162,-6.299,1,0.0503,149.186,4,0.922
261,The Rasmus,In the Shadows,1fr92Vupmcs2vgLMFVQ7rd,67,0.000109,0.6,257920,0.796,5.2e-05,2,0.484,-4.481,1,0.0275,105.991,4,0.75
262,Avenged Sevenfold,Welcome to the Family,0jqblvsI9LBY4irmLVqqEO,67,0.00267,0.567,245573,0.946,0.0,2,0.0567,-3.973,0,0.0935,94.985,4,0.699
263,Rammstein,ROSENROT,50LmbBKCBeDRKYvpR7ApjG,63,0.00144,0.591,234707,0.629,0.431,8,0.0705,-5.584,1,0.0273,114.072,4,0.183
264,Airbourne,Runnin' Wild,1wXuogT7bvqnhuWzDBNOdV,64,9.25e-05,0.503,218040,0.96,0.578,10,0.274,-2.672,1,0.0626,162.022,4,0.489
265,Avenged Sevenfold,Afterlife,7zAt4tdL44D3VuzsvM0N8n,69,0.000429,0.487,352427,0.949,2.91e-05,2,0.231,-4.217,0,0.0798,110.02,4,0.406
266,Korn,Falling Away from Me,2F6FfZ4w8z3eJpSxPotVO5,71,0.00014,0.468,270920,0.769,0.00124,4,0.271,-7.036,1,0.041,104.102,4,0.17
267,Nickelback,If Today Was Your Last Day,4QJLKU75Rg4558f4LbDBRi,70,8.67e-05,0.485,249067,0.911,0.0,3,0.092,-5.749,1,0.0355,89.956,4,0.568
268,Disturbed,Down with the Sickness,4ImIJRZNJhNQLLdUFSYJoS,72,0.000319,0.649,278707,0.896,1.19e-05,10,0.102,-2.704,0,0.056,90.009,4,0.924
269,Linkin Park,Leave Out All The Rest,0sp00HSXkQyqTa6QqM0O8V,70,0.209,0.509,209307,0.629,1.99e-06,0,0.369,-6.434,1,0.0335,80.012,4,0.237
270,Hoobastank,The Reason,1lHtE5JDCas1EwXhQIMOIj,79,0.0127,0.447,232800,0.668,0.0,4,0.152,-4.683,1,0.0294,82.904,4,0.0695
271,Avenged Sevenfold,Shepherd of Fire,1fQaoh3imrMunWVZh5kf90,68,0.000332,0.576,323800,0.906,0.0614,2,0.0908,-7.677,1,0.0571,127.935,4,0.211
272,Avenged Sevenfold,Nightmare,4UEo1b0wWrtHMC8bVqPiH8,72,0.000318,0.554,374453,0.949,9.98e-05,2,0.2,-4.928,1,0.0787,129.984,4,0.233
273,Volbeat,I Only Wanna Be With You,0JRab5KK5TKRiUuLiRw0WD,57,6.29e-06,0.429,164093,0.991,0.0141,2,0.0389,-4.824,1,0.0874,137.928,4,0.607
274,Papa Roach,Last Resort,5W8YXBz9MTIDyrpYaCg2Ky,80,0.000481,0.589,199907,0.89,0.00082,4,0.201,-3.719,0,0.0603,90.598,4,0.692
275,Framing Hanley,Puzzle Pieces,1fa5xpAkZOkOhEE4jJfbFk,67,0.00106,0.508,220387,0.749,0.0,2,0.0594,-5.321,1,0.0488,136.135,4,0.245
276,Audioslave,Like a Stone,3YuaBvuZqcwN3CEAyyoaei,77,0.00797,0.614,293960,0.568,0.0,7,0.0997,-5.477,0,0.0276,107.849,4,0.516
277,Amaranthe,That Song,1XcTp5guyhs43GasHhNNht,53,0.00651,0.542,193067,0.869,0.0,11,0.0399,-5.541,0,0.0582,159.99,4,0.452
278,Metallica,One,5IX4TbIR5mMHGE4wiWwKW0,73,0.00121,0.442,447440,0.692,0.0461,7,0.144,-9.45,1,0.0729,104.668,3,0.4
279,Bon Jovi,Livin' On A Prayer,37ZJ0p5Jm13JPevGcx4SkF,81,0.0778,0.532,249293,0.887,0.000214,0,0.294,-3.757,1,0.0335,122.511,4,0.795
280,Volbeat,We,0ceguxJxVVbXjGQ4oeRtNV,53,0.00318,0.421,226400,0.972,2.98e-06,3,0.187,-2.658,1,0.106,135.006,4,0.366
281,Linkin Park,Points Of Authority,5egqKwgK5r5rvGD1LrtR7J,68,0.03,0.512,200240,0.97,0.0,8,0.0994,-3.886,0,0.212,94.952,4,0.427
282,Whitesnake,Here I Go Again 87 - 2018 Remaster,6Nd6ntkzr4t8o1FKPGOSMt,69,0.0117,0.292,275395,0.823,7.79e-05,7,0.155,-6.763,1,0.0407,89.939,4,0.244
283,Chris Cornell,"You Know My Name - From ""Casino Royale"" Soundtrack",3acBQxxlyb0jC2xqndDzSf,59,0.0226,0.365,240120,0.868,0.0,11,0.311,-3.257,0,0.0449,137.902,4,0.398
284,Slipknot,Duality,61mWefnWQOLf90gepjOCb3,76,0.000237,0.354,252613,0.982,0.000294,4,0.204,-3.026,0,0.168,143.772,4,0.194
285,Iron Maiden,The Number Of The Beast - 2015 Remaster,3nlGByvetDcS1uomAoiBmy,69,0.088,0.409,290587,0.89,0.107,0,0.0935,-6.839,1,0.0558,100.409,4,0.268
286,Disturbed,Indestructible,42ZVk59gT4tMlrZmd8Ijxf,71,0.000209,0.429,278027,0.966,0.124,8,0.371,-4.605,1,0.0733,179.956,4,0.525
287,Shotgun Revolution,City of Fire,3ofI23E4PhnAEfrQUUOrcF,32,0.000359,0.406,237879,0.86,6.33e-05,1,0.0441,-5.467,1,0.101,172.146,4,0.645
288,Volbeat,Battleship Chains,1xqxDIC6umjXeo1jxGkKnl,51,0.000129,0.549,201867,0.897,0.000101,1,0.189,-3.755,1,0.0455,129.943,4,0.747
289,Slipknot,Snuff,3RptaQ5Xb8WvtpItZ2f9Hi,70,0.012,0.544,276147,0.69,0.0095,6,0.0615,-5.723,0,0.0425,123.962,4,0.219
290,Volbeat,Dead But Rising,0Xu8n8K2SEuhraFVD5jUtI,49,4.73e-06,0.397,214560,0.978,0.591,7,0.321,-5.565,1,0.0514,107.703,4,0.435
291,Volbeat,Still Counting,1znGxpojJSjxZZEWA5zWva,71,0.00039,0.309,261813,0.919,0.000225,2,0.423,-3.131,1,0.0609,103.891,4,0.322
292,Papa Roach,Help,2arL1Kf2JBS7ms00JAz4w0,64,0.00107,0.507,215291,0.918,8.7e-06,2,0.311,-4.684,1,0.0701,92.006,4,0.284
293,Metallica,Wherever I May Roam,22GbAGb80ZZNgm2yrBMnpR,64,0.000362,0.55,403867,0.824,0.00115,9,0.0865,-7.848,0,0.0347,131.387,4,0.332
294,Soil,Breaking Me Down,5cA9fu0qKxeV9mTaDpFjgH,64,0.000292,0.522,154267,0.972,0.0,11,0.183,-4.141,1,0.138,151.034,4,0.747
295,Iron Maiden,Hallowed Be Thy Name - 2015 Remaster,469rBLYJUZHMJLtq2Wch3h,66,0.0346,0.313,431093,0.882,0.338,0,0.45,-6.215,1,0.0355,103.981,4,0.3
296,Amon Amarth,Guardians Of Asgaard,2DR9AzDhYeStkHupvU08FC,61,0.000129,0.529,263160,0.953,0.000487,9,0.146,-4.562,1,0.0594,134.968,4,0.279
297,Bon Jovi,Bed Of Roses,1zng9uqqXoPkmU05nsAlsw,74,0.103,0.313,394400,0.58,0.0,5,0.214,-5.61,1,0.0279,165.038,3,0.181
298,Volbeat,Lola Montez,3ear11tYbMEmNDm2lxZTqL,61,0.000134,0.511,267680,0.89,8.85e-06,2,0.0807,-4.833,1,0.0342,152.042,4,0.678
299,Rammstein,Mein Herz brennt,5ArNGisLzrNOIVwWajRRdt,67,0.00268,0.501,279893,0.76,0.0616,2,0.152,-5.802,0,0.0343,83.046,4,0.138
300,Egypt Central,White Rabbit,4QhSscYz3TPLEwD6lMezvG,61,0.00176,0.49,217787,0.887,0.0,1,0.0564,-5.363,0,0.0787,175.975,4,0.598
301,Avenged Sevenfold,Bat Country,3sHH7lklbfpcraDDvYnjo7,70,0.000248,0.541,311813,0.968,8.28e-06,0,0.423,-4.129,1,0.0396,125.04,4,0.505
302,Trapt,Headstrong,1AEYT6VxrxXPMoQUxsY0E4,75,0.000172,0.492,285570,0.896,2.78e-06,4,0.189,-5.819,0,0.117,184.981,4,0.534
303,Foo Fighters,All My Life,6tsojOQ5wHaIjKqIryLZK6,73,0.000218,0.58,263440,0.604,0.000579,5,0.477,-5.703,1,0.047,167.784,4,0.645
304,Rammstein,WAIDMANNS HEIL,2qiNfSncVqWp4Do6D4a3Le,61,0.00113,0.578,212800,0.969,0.0234,9,0.0579,-3.894,1,0.0317,104.999,4,0.684
305,Linkin Park,Talking to Myself,7nAfXgeHfDO50upcOjJOaq,67,0.00184,0.593,231307,0.712,0.0,2,0.128,-6.325,0,0.0286,124.013,4,0.473
306,Europe,The Final Countdown,3MrRksHupTVEQ7YbA0FsZK,75,0.0628,0.536,310333,0.844,0.00084,6,0.0608,-6.918,0,0.058,117.652,4,0.185
307,Marilyn Manson,The Beautiful People,2aIB1CdRRG7YLBu9hNw9nR,71,0.00106,0.639,218827,0.837,0.558,1,0.0559,-10.011,1,0.0616,143.97,4,0.911
308,Guns N' Roses,Civil War,6i4Qi1mJxXjqNIL9HfJhRs,69,0.0793,0.336,462093,0.787,0.0648,10,0.32,-8.803,0,0.0732,140.003,4,0.383
309,Volbeat,The Everlasting - Live from Telia Parken,42DF4fBoaHjRa9VAztSr1f,51,0.00186,0.262,437736,0.924,0.0311,9,0.986,-7.637,0,0.133,107.059,4,0.33
310,Disturbed,Open Your Eyes,34bimdZj8GMHEt8BiKVmie,59,0.000145,0.579,237347,0.973,0.0567,5,0.226,-2.152,0,0.09,116.025,4,0.677
311,Ghost,Square Hammer,4AbGkIVQC5wLDPOFjdEjDu,55,3.16e-05,0.525,238200,0.898,0.135,2,0.204,-4.356,0,0.0476,129.969,4,0.706
312,Van Halen,Panama - 2015 Remaster,05RgAMGypEvqhNs5hPCbMS,74,0.00124,0.527,210227,0.978,4.75e-05,8,0.0744,-5.436,1,0.109,141.169,4,0.463
313,Linkin Park,One Step Closer,3K4HG9evC7dg3N0R9cYqk4,75,0.0014,0.492,157333,0.969,1.32e-06,9,0.0787,-4.419,1,0.0491,95.136,4,0.538
314,Three Days Grace,I Am An Outsider,3UeTr9z3nVsPVg58IKGHcT,60,0.00125,0.436,162120,0.902,0.0,0,0.347,-4.861,0,0.0517,171.997,4,0.53
315,Metallica,Whiskey In The Jar,2R6UrJ8uWbSIiHWmvRQvN8,72,6.16e-06,0.525,304693,0.972,0.000595,10,0.183,-3.655,1,0.043,132.984,4,0.526
316,System Of A Down,Violent Pornography,249Z7XT6mf8B2zuI0RaeS0,68,0.0279,0.458,211333,0.958,0.0,6,0.108,-2.331,1,0.0854,142.706,4,0.589
317,Creed,One Last Breath - Radio Version,0eFklulxFnNCypNSrywzSB,50,0.00576,0.381,242000,0.725,0.000269,2,0.251,-6.083,1,0.0362,129.184,4,0.17
318,Kid Rock,God Save Rock 'N' Roll,6KYipmHJkWQPhhtaAgHjgy,4,0.0129,0.713,321107,0.921,0.0,7,0.924,-3.344,1,0.0315,132.014,4,0.897
319,Metallica,Nothing Else Matters,0nLiqZ6A27jJri2VCalIUs,81,0.0458,0.553,388267,0.362,6.01e-06,4,0.075,-11.218,0,0.0263,142.352,3,0.158
320,Evanescence,Bring Me To Life,0COqiPhxzoWICwFCS4eZcp,79,0.00895,0.316,235893,0.945,1.85e-06,4,0.396,-3.169,0,0.124,189.931,4,0.32
321,Bullet For My Valentine,Your Betrayal,25GC50HslaaruyrKjdu0lP,68,8.07e-05,0.569,291427,0.883,7.74e-05,2,0.0883,-4.41,0,0.0747,134.003,4,0.373
322,Shinedown,DEVIL,2hEYslbdYWFSIA6JboUvnR,69,0.00039,0.354,207987,0.942,6.36e-06,7,0.431,-3.245,1,0.237,119.992,4,0.242
323,Maverick,What About Us - Acoustic Version,0ucojztIFlYiRBhrScv3Al,60,0.259,0.575,274055,0.388,0.00079,2,0.0855,-7.832,1,0.0943,185.773,4,0.367
324,Bon Jovi,It's My Life,0v1XpBHnsbkCn7iJ9Ucr1l,78,0.0338,0.537,224493,0.903,1.53e-05,0,0.341,-3.997,0,0.0505,120.069,4,0.571
325,Rammstein,MOSKAU,4L9UGREMQBfYLmGwlACgTV,61,2.25e-05,0.493,256307,0.963,0.667,11,0.305,-3.41,1,0.0638,147.992,4,0.305
326,Def Leppard,Hysteria,2PFIZFcGry0po3ZfRZkzKc,70,0.0318,0.659,354636,0.846,0.0144,7,0.203,-5.508,1,0.0274,107.01,4,0.659
327,Bon Jovi,You Give Love A Bad Name,0rmGAIH9LNJewFw7nKzZnc,78,0.0663,0.541,222707,0.96,2.25e-06,0,0.344,-2.947,0,0.0505,122.803,4,0.812
328,Three Days Grace,Painkiller,6OMO6WdRhSfjMPAiPT94wH,67,0.00021,0.376,179160,0.95,0.0,9,0.0377,-4.067,1,0.0641,178.018,4,0.438
329,Nickelback,Photograph,3hb2ScEVkGchcAQqrPLP0R,68,0.000932,0.513,258920,0.877,0.000163,8,0.136,-3.756,1,0.0292,145.919,4,0.389
330,Linkin Park,Runaway,6xtQ23d8GEXgcxyUKPtwc5,67,0.0142,0.636,183973,0.884,0.0,7,0.253,-4.743,1,0.0584,109.16,4,0.446
331,Metallica,Fade To Black - Remastered,5nekfiTN45vlxG0eNJQQye,68,0.0046,0.26,417227,0.92,0.283,7,0.0863,-6.651,1,0.126,113.436,4,0.235
332,Hollywood Undead,Lion,79CATxWpb9uezVeOIazKgs,63,0.00193,0.478,234933,0.898,0.0,6,0.0703,-5.603,1,0.106,168.953,4,0.536
333,Volbeat,Radio Girl,6XjUtUVauENSO2GLMvR5Kn,52,2.27e-06,0.499,225613,0.989,0.0112,1,0.292,-3.974,1,0.0651,112.649,4,0.504
334,Linkin Park,Battle Symphony,3FQCJI2t5LTbsRPfYVBSVB,67,0.0369,0.653,216281,0.839,0.0,10,0.068,-5.077,1,0.0685,149.034,4,0.669
335,Staind,It's Been Awhile,1BExV8JprNJLvLeDE9qdEW,66,0.00189,0.509,264707,0.774,0.000549,6,0.143,-4.054,1,0.0338,116.529,4,0.0824
336,Limp Bizkit,Home Sweet Home/Bittersweet Symphony,30K4kK2wTWoaU2WlvncuU4,0,0.0588,0.62,231813,0.558,0.0743,3,0.0759,-7.436,1,0.0402,147.99,4,0.679
337,Seether,Fake It,4eAwB5pnKFTmsgc3zWoYO0,74,0.00131,0.615,193893,0.949,3.04e-06,8,0.0585,-3.52,1,0.0549,131.985,4,0.586
338,Nazareth,Love Hurts - Single Edit,5g1rzUEyVFNr2i4ifEjlVN,66,0.00693,0.442,232120,0.491,0.00491,7,0.114,-6.598,1,0.0246,79.954,4,0.125
339,Amaranthe,The Nexus,3FA9wGCQWqyoqWDPhsGtO1,59,0.000115,0.514,196040,0.957,0.0,6,0.0942,-4.898,1,0.127,104.969,4,0.632
340,Metallica,The Day That Never Comes,13Uvqll8OQDjw3wDweIK9y,63,0.000126,0.333,476267,0.977,0.096,4,0.108,-2.236,0,0.0616,126.143,4,0.545
341,Rammstein,"REISE, REISE",6bvTzuFABmFnAAmVZ3nlMh,63,0.0027,0.475,251147,0.816,0.366,6,0.332,-5.502,1,0.0644,130.065,4,0.248
342,Rammstein,MANN GEGEN MANN,0GxIAMtKFYTQZpR1avO6HB,60,0.000703,0.448,230560,0.878,0.193,8,0.063,-5.288,1,0.0727,166.105,4,0.579
343,Volbeat,The Garden's Tale,0gPgvkjBvB5sPnkdjlrKKi,54,5.92e-05,0.398,291453,0.974,0.0022,0,0.195,-3.925,1,0.0572,113.461,4,0.369
344,Guns N' Roses,Knockin' On Heaven's Door,4JiEyzf0Md7KEFFGWDDdCr,78,0.0211,0.496,336000,0.739,0.00444,6,0.106,-7.193,1,0.0415,132.41,4,0.378
345,Breaking Benjamin,Angels Fall,2D9BrlpeyjXF0vli2dYQ5V,67,0.000868,0.4,228867,0.886,0.000211,7,0.122,-5.078,1,0.0521,195.958,4,0.406
346,Volbeat,For Evigt,59fQzvSv0wPQorW2Bh0pns,68,0.000309,0.506,283367,0.893,0.0,2,0.118,-3.896,1,0.046,146.971,4,0.415
347,Volbeat,Black Rose,2PIrlAdig9MxYLMYId11rg,61,0.0091,0.488,235307,0.884,5.66e-06,4,0.0839,-3.832,1,0.0543,161.957,4,0.495
348,Volbeat,Guitar Gangsters & Cadillac Blood,4KEdXMwdTAjsELGfjWNUKe,59,0.000275,0.302,188853,0.974,0.000511,0,0.0838,-2.834,0,0.147,76.867,4,0.332
349,Thousand Foot Krutch,Take It Out On Me,1RXoCep9hxApPfx8UFsGZk,63,0.00281,0.465,197373,0.813,0.0,7,0.0464,-4.321,1,0.0841,148.027,4,0.614
350,KISS,Say Yeah,3HsOzUaQuOg5leYZob7pPj,2,0.00378,0.459,268573,0.921,0.0,3,0.0906,-5.973,0,0.0503,122.907,4,0.642
351,Godsmack,I Stand Alone,6eYUbXmncekAKMYZcsSkyD,64,4.19e-05,0.216,246040,0.923,0.0,8,0.126,-4.475,1,0.0666,167.498,4,0.385
352,Incubus,Drive,7nnWIPM5hwE3DaUBkvOIpy,73,0.0562,0.645,232453,0.792,0.0121,4,0.119,-7.34,0,0.036,90.565,4,0.666
353,Red Hot Chili Peppers,Dani California,10Nmj3JCNoMeBQ87uw5j8k,77,0.017,0.553,283000,0.865,1.05e-05,9,0.267,-4.751,0,0.0409,96.161,4,0.735
354,Volbeat,Thanks,1Hmx0O7UnXLPv9kPoNBcku,51,0.00142,0.51,222173,0.892,7.04e-05,0,0.104,-4.296,1,0.0389,99.441,4,0.461
355,Rammstein,Du hast,5awDvzxWfd53SSrsRZ8pXO,73,0.00369,0.64,234227,0.922,0.055,9,0.332,-6.283,0,0.0385,125.105,4,0.716
356,System Of A Down,Chop Suey!,2DlHlPMa4M17kufBvI2lEN,81,0.000278,0.419,210240,0.934,0.0015,7,0.132,-3.908,0,0.12,127.288,4,0.286
357,Killswitch Engage,Holy Diver,3a9urnht8HvfFzPwd0ipx6,65,7.6e-05,0.369,250253,0.995,0.00589,0,0.241,-2.584,0,0.12,185.985,4,0.27
358,Rammstein,HAIFISCH,5392GpKmAP3UvIAfHC8LAW,61,0.000832,0.627,224907,0.842,0.898,9,0.115,-4.215,1,0.0375,134.98,4,0.309
359,Scorpions,Rock You Like a Hurricane,46QazXxQS0B31CnbRCy8CV,69,0.000261,0.587,255573,0.891,0.00454,11,0.314,-3.381,1,0.0361,124.005,4,0.705
360,Disturbed,The Sound Of Silence,1Cj2vqUwlJVG27gJrun92y,76,0.468,0.322,248467,0.28,1.1e-06,6,0.102,-9.367,0,0.0281,85.794,4,0.175
361,Powerwolf,Sanctified with Dynamite,2ZUUturolW3VpzXWzPEy2X,60,0.000224,0.235,265720,0.968,0.0,1,0.225,-4.758,0,0.0901,87.955,4,0.277
362,Poison,Every Rose Has Its Thorn - Remastered 2003,43GS3mtezoIFiuIZCLLiDY,72,0.16,0.533,260173,0.637,1.12e-05,6,0.369,-5.571,1,0.0323,140.167,4,0.292
363,ZZ Top,Gimme All Your Lovin',0OBwxFLu6Yj61s2OagYbgY,68,0.00322,0.63,241080,0.788,0.0237,5,0.0883,-6.7,1,0.0298,120.059,4,0.63
364,Trivium,The Heart From Your Hate,5yDJpu0xh0d1w13gXaE3lS,67,0.00876,0.582,243853,0.928,5.03e-06,10,0.297,-4.659,0,0.0635,113.043,4,0.565
365,Volbeat,Fallen,34FGkewmi9UZpAZW6X7kNU,59,0.000222,0.311,300093,0.744,0.000426,2,0.106,-4.609,1,0.0585,71.832,4,0.531
366,Nickelback,Burn It to the Ground,1jq28NGw6wdtFKx8MBPy6C,71,0.000247,0.617,212347,0.922,0.388,11,0.363,-3.474,1,0.0744,132.059,4,0.6
367,Volbeat,A Warrior's Call,5mNbJIYaKkphf5WqwhXhva,63,0.00075,0.374,263080,0.903,5.85e-06,10,0.244,-4.49,1,0.0825,109.118,3,0.429
368,Powerwolf,Army Of The Night,2WwhDRFzS6WQQEoI3PmzuE,56,0.00096,0.425,201387,0.957,0.0,1,0.166,-3.654,0,0.0498,171.95,4,0.599
369,Red Hot Chili Peppers,Under The Bridge,3d9DChrdc6BOeFsbrZ3Is0,82,0.0576,0.559,264307,0.345,0.000105,4,0.141,-13.496,1,0.0459,84.581,4,0.458
370,Rise Against,Satellite,5sG3G54H21hNfd5etlheoe,70,0.00369,0.387,238573,0.94,0.0,5,0.0759,-4.16,0,0.0528,134.876,4,0.444
371,Five Finger Death Punch,Coming Down,22VW5d6k6HT0SQ8MUEXuDz,56,0.000619,0.31,241227,0.991,0.0,1,0.11,-2.927,0,0.488,76.372,4,0.187
372,In Flames,Call My Name,4Io0qzQ3z8HjWMoF07rHLG,59,0.000234,0.576,213774,0.981,0.00301,10,0.126,-5.659,0,0.0969,115.015,4,0.265
373,Rev Theory,Hell Yeah,2qABxQZhfAthNxszLiSsUw,66,0.000105,0.361,247613,0.98,2.84e-06,3,0.0218,-3.375,0,0.0979,167.992,4,0.426
374,Rammstein,Du riechst so gut,1hNE737dkYD9ZM1J8H9chv,63,0.000386,0.672,289267,0.779,0.222,7,0.345,-7.542,0,0.0322,111.962,4,0.806
375,Scorpions,Still Loving You,0RdUX4WE0fO30VnlUbDVL6,72,0.0047,0.282,403453,0.605,0.00144,6,0.103,-4.916,0,0.0294,103.929,4,0.0783
376,Scorpions,Rock You Like a Hurricane - 2015 Remaster,5qrNtSNkPsWfjqaYNugzYT,65,0.00484,0.402,253667,0.873,7.3e-05,4,0.157,-3.209,0,0.0586,125.443,4,0.684
377,Three Days Grace,Animal I Have Become,56sk7jBpZV0CD31G9hEU3b,73,0.000684,0.553,231400,0.853,0.0,8,0.126,-3.668,1,0.0339,122.023,4,0.506
378,Sabaton,Shiroyama,7gKZvuTXfEKKoxQ4xVz3oX,52,0.00123,0.482,216168,0.951,0.0,11,0.0969,-4.857,0,0.0558,171.069,4,0.625
379,Saving Abel,Addicted,3pxCXv0NACYfYnLjFcQW5D,70,0.000821,0.512,222827,0.865,0.0,7,0.0982,-4.146,1,0.0338,138.017,4,0.529
380,Whitesnake,Here I Go Again - USA Remix,1tQ5TSr1tyeQUbHKBee0jv,58,0.151,0.484,232800,0.877,0.00017,7,0.14,-5.434,1,0.0337,92.975,4,0.687
381,Pantera,I'm Broken,5ca1Xoql9dw5DDRZ909oKn,9,0.00156,0.423,266560,0.924,0.124,7,0.196,-4.069,1,0.0742,147.656,4,0.634
382,Linkin Park,New Divide,6Wx88Mv6b9ofjKMKkdwOJd,70,0.000235,0.493,268613,0.808,0.0,5,0.0983,-3.365,0,0.0362,117.971,4,0.38
383,Five Finger Death Punch,House of The Rising Sun,4ZmX8elKMkH0MfniNi0Adu,63,0.00171,0.47,247388,0.964,0.00112,4,0.107,-2.839,0,0.09,76.969,4,0.264
384,System Of A Down,Aerials,4e9eGQYsOiBcftrWXwsVco,74,0.000918,0.364,235053,0.922,0.035,0,0.0696,-4.217,0,0.0566,79.342,4,0.227
385,Egypt Central,Citizen Radio,5Zs8pdS4bgBqX3uSTdvNQY,68,6.57e-05,0.532,226244,0.889,0.00706,1,0.0943,-5.474,1,0.0543,93.994,4,0.508
386,Volbeat,Rebound,7jkYyQ732Jsv5QYkIR26Jl,48,0.000386,0.585,149453,0.86,0.0,11,0.0697,-4.061,1,0.0293,140.079,4,0.601
387,Bloodhound Gang,Fire Water Burn,7FkyQsWH9mmxoYLCNj4f8y,59,0.107,0.692,291800,0.566,0.643,7,0.0862,-9.607,1,0.0312,97.062,4,0.626
388,Linkin Park,Faint,4Yf5bqU3NK4kNOypcrLYwU,70,0.111,0.554,162600,0.978,0.0,4,0.0731,-3.554,1,0.131,135.095,4,0.594
389,P.O.D.,Youth of the Nation,0UrWr7Jnu1heq1o99ZwUd0,71,0.00834,0.563,256240,0.86,0.0106,8,0.39,-7.533,1,0.0621,97.867,4,0.517
390,In Flames,I Am Above,3FwmMDYpYFB5LEJPkIiA5z,55,3.42e-05,0.544,229816,0.98,6.85e-06,10,0.0689,-4.495,0,0.108,120.026,4,0.191
391,Nightwish,Wish I Had An Angel,3QzZWO1klrok30ADVkAyc9,55,8.57e-06,0.423,243880,0.949,0.0338,4,0.457,-6.053,0,0.0582,159.037,4,0.482
392,3 Doors Down,Here Without You,3NLrRZoMF0Lx6zTlYqeIo4,75,0.0537,0.536,238560,0.55,0.0,10,0.134,-6.733,0,0.0248,144.018,4,0.234
393,Rammstein,MEIN TEIL,39RKlCfLoqb8o2aXfpVfjW,63,0.00535,0.47,272413,0.959,0.0101,10,0.141,-4.338,1,0.075,88.0,4,0.199
394,Disturbed,No More,0IdNBZt0O8R9qBgezYFGOi,56,0.000285,0.53,232640,0.988,0.0,7,0.222,-2.406,1,0.121,101.28,3,0.521
395,Volbeat,Mary Jane Kelly,5yJ9ilflpTHlhZenyobe9s,52,7.29e-05,0.495,339573,0.92,0.000224,9,0.0627,-4.583,1,0.0463,148.038,4,0.477
396,Metallica,Fuel,6FUwPb4mGlUDbx42uspXaZ,64,2.02e-05,0.49,269800,0.951,0.0027,1,0.0314,-3.777,1,0.0477,106.946,4,0.589
397,Shinedown,How Did You Love,2le5xHvcWF8PDp608d4L8D,62,6.86e-05,0.331,187627,0.75,1.21e-06,5,0.0945,-5.202,1,0.0436,185.97,4,0.26
398,Sabaton,Sparta,3taSzWrlMYIkSjTeIbQptk,50,1.84e-05,0.292,265336,0.972,0.000207,0,0.0868,-5.028,0,0.274,108.013,3,0.0397
399,Sabaton,Night Witches,4GyoRIx9au0OSRrqbArkia,49,0.00661,0.546,181333,0.92,3.13e-06,5,0.904,-4.83,0,0.0592,95.996,4,0.265
400,Three Days Grace,Never Too Late,3HE50TVRquwXe9yv2HFoNL,71,0.00838,0.433,209333,0.778,0.0,2,0.163,-4.68,0,0.0371,149.864,4,0.217
401,Soil,Halo,1QixTwDZCcfBzA7QMyont0,65,2.87e-05,0.529,195653,0.92,0.00202,3,0.0582,-4.168,1,0.0649,111.132,4,0.438
402,Five Finger Death Punch,Got Your Six,3JfBv2YfwPdflYUGMCeHgt,55,9.63e-05,0.535,178100,0.986,4.9e-06,4,0.0821,-4.483,1,0.0965,76.473,4,0.353
403,Rob Zombie,Dragula,6Nm8h73ycDG2saCnZV8poF,69,8.74e-05,0.591,222827,0.963,0.000107,0,0.0781,-6.489,0,0.0531,125.03,4,0.609
404,Nickelback,Something in Your Mouth,6wO0vMRAJB0r1lEWBJZNOq,63,0.00137,0.663,219253,0.977,1.77e-05,0,0.173,-3.024,1,0.0575,129.975,4,0.746
405,The Offspring,"You're Gonna Go Far, Kid",6TfBA04WJ3X1d1wXhaCFVT,78,0.00511,0.546,177827,0.905,0.0,0,0.211,-3.103,1,0.0671,126.12,4,0.598
406,Three Days Grace,Time of Dying,7piw04hPQZ1OHZ9Fq9JOXR,66,0.00105,0.306,186373,0.873,0.0,0,0.52,-3.668,0,0.0567,198.387,4,0.452
407,Volbeat,16 Dollars,1VPfEm9aA000LjqkKAmKkH,52,0.000853,0.521,168720,0.879,1.9e-06,7,0.261,-5.099,1,0.0417,126.733,4,0.501
408,Linkin Park,BURN IT DOWN,7oVEtyuv9NBmnytsCIsY5I,74,0.0143,0.585,230253,0.972,0.0,9,0.0707,-4.45,0,0.0534,110.006,4,0.585
409,Linkin Park,A Place For My Head,5rAxhWcgFng3s570sGO2F8,69,0.0144,0.603,184640,0.908,0.0,11,0.671,-5.254,1,0.184,133.063,4,0.457
410,Breaking Benjamin,I Will Not Bow,2yXyz4NLTZx9CLdXfLTp5E,71,0.000192,0.543,216733,0.952,7.8e-06,8,0.38,-3.65,1,0.0668,107.942,4,0.591
411,Volbeat,7 Shots,0AC4FTnX5dRE1Fvk0cpGoN,49,4.11e-05,0.294,283920,0.922,0.000526,7,0.124,-3.767,0,0.0924,114.515,4,0.267
412,Marilyn Manson,Sweet Dreams (Are Made Of This),1ENLIbxO4Uma773neTHxbp,68,0.00527,0.37,293293,0.661,0.524,0,0.222,-5.168,0,0.0313,91.989,4,0.128
413,Red Hot Chili Peppers,By The Way,1f2V8U1BiWaC9aJWmpOARe,75,0.0264,0.451,216933,0.97,0.00355,0,0.102,-4.938,1,0.107,122.444,4,0.198
414,Linkin Park,Breaking The Habit,3dxiWIBVJRlqh9xk144rf4,68,0.108,0.579,196907,0.849,0.0,4,0.0909,-5.218,0,0.0303,100.021,4,0.581
415,Bon Jovi,Bad Medicine,72hcFp4tYkd3dbNA9dZ3Pv,68,0.048,0.555,316707,0.973,0.0,9,0.0853,-3.804,1,0.035,118.642,4,0.805
416,P.O.D.,Boom,5DooySfCD1xCJ49gQm9rx7,65,0.00318,0.559,190760,0.931,1.24e-05,9,0.0624,-5.863,1,0.0721,90.911,4,0.644
417,Rammstein,DEUTSCHLAND - RMX BY RICHARD Z. KRUSPE,2Tqu8wZeY7Hcj0ugSVvmjS,69,0.0537,0.664,346253,0.808,0.912,2,0.0977,-7.998,1,0.0335,120.0,4,0.0901
418,Rage Against The Machine,Bombtrack,2rBHnIxbhkMGLpqmsNX91M,65,0.0239,0.459,243453,0.926,1.93e-05,4,0.183,-3.415,1,0.155,151.534,4,0.569
419,KISS,Heaven's On Fire,1brpdmqkx3kSxyqzqXfW7J,67,0.00536,0.679,201400,0.859,5.18e-05,0,0.327,-5.945,1,0.0665,124.324,4,0.792
420,Linkin Park,ROADS UNTRAVELED,1dYw8HTRJnFpeEeMtXj99a,65,0.263,0.599,229933,0.788,0.00525,8,0.155,-6.25,0,0.0294,100.001,3,0.581
421,Red Hot Chili Peppers,Can't Stop,3ZOEytgrvLwQaqXreDs2Jx,82,0.0179,0.618,269000,0.938,0.0,9,0.167,-3.442,1,0.0456,91.455,4,0.875
422,Volbeat,Heaven Nor Hell,2QKYfkH616UOHRQJlxWaVu,57,0.000614,0.411,322613,0.768,0.00859,3,0.134,-4.21,1,0.0562,134.408,4,0.672
423,Five Finger Death Punch,Lift Me Up (feat. Rob Halford of Judas Priest),1LHZMWefF9502NPfArRfvP,64,8.45e-05,0.508,246209,0.988,0.0,1,0.209,-3.613,0,0.165,75.018,4,0.174
424,Three Days Grace,Fallen Angel,2iptAVf9jZerlywLwiGhak,65,0.00554,0.453,186147,0.911,0.0,2,0.0627,-3.775,0,0.0382,137.011,4,0.218
425,Limp Bizkit,Break Stuff,5cZqsjVs6MevCnAkasbEOX,72,0.0125,0.426,166707,0.894,0.00041,8,0.187,-6.699,1,0.174,108.725,4,0.63
426,Foo Fighters,Learn to Fly,5OQsiBsky2k2kDKy2bX2eT,76,1.83e-05,0.465,235293,0.919,2.07e-05,4,0.262,-4.025,1,0.0408,135.997,4,0.537
427,Guns N' Roses,Live And Let Die,0rFWuqFgHAfuzE8uSB9TWR,71,0.0109,0.262,182733,0.777,0.113,11,0.12,-8.671,1,0.0632,152.5,4,0.264
428,Rammstein,Links 2 3 4,52XYwQKlXp7scE7KrBBCID,64,0.00112,0.624,216733,0.904,0.0231,4,0.604,-4.774,1,0.0479,130.153,4,0.649
429,Sabaton,Primo Victoria,0WyWD2afagATezkRzytf1n,55,0.000699,0.437,250720,0.748,3.11e-06,6,0.222,-6.349,0,0.031,62.111,4,0.59
430,Foo Fighters,Everlong,5UWwZ5lm5PKu6eKsHAGxOk,78,5.96e-05,0.412,250547,0.882,0.00031,11,0.0805,-5.54,0,0.0369,158.066,4,0.356
431,3 Doors Down,When I'm Gone,3WbphvawbMZ8FyqDxYGdSQ,70,0.00457,0.496,260507,0.765,0.0,7,0.104,-5.66,1,0.033,74.072,4,0.337
432,Amaranthe,Digital World,1fZvEmAmWtsDSUjAgDhddU,59,9.74e-05,0.517,197667,0.947,0.0717,11,0.281,-4.578,0,0.113,150.001,4,0.599
433,Disturbed,A Reason to Fight,1IbaGRC0Yrovu3MP1ipf1u,66,0.0158,0.591,284293,0.571,0.0,6,0.13,-5.573,0,0.0248,75.04,4,0.26
434,Sabaton,To Hell and Back,12dbm3GD7mGrySotwE6dm5,57,0.00318,0.536,206547,0.849,0.00197,0,0.104,-4.702,1,0.0616,127.002,4,0.305
435,Three Days Grace,Right Left Wrong,2pAUx2a1F5JCaVgytQm8fI,66,0.0036,0.489,236693,0.833,1.33e-06,9,0.111,-5.348,1,0.054,135.431,4,0.307
436,Five Finger Death Punch,Wrong Side of Heaven,11Ojp7JniVvwd0gmgvyKkd,68,0.00721,0.481,271000,0.932,0.0,4,0.337,-4.592,0,0.083,149.992,4,0.543
437,Rage Against The Machine,Bulls On Parade,0tZ3mElWcr74OOhKEiNz1x,74,0.0124,0.412,229467,0.919,0.0601,5,0.424,-7.291,1,0.184,166.367,4,0.572
438,Def Leppard,Pour Some Sugar On Me - Remastered 2017,0PdM2a6oIjqepoEfcJo0RO,76,0.00211,0.267,267307,0.953,0.0,1,0.283,-4.899,0,0.096,84.989,4,0.568
439,Volbeat,Goodbye Forever,5qYWlDGOEfWcPwHxy7TMYn,53,0.00027,0.532,270733,0.878,0.000177,2,0.262,-4.023,1,0.0408,111.736,4,0.496
440,Disturbed,Ten Thousand Fists,5hkgrWxkobGtg30I7DsfVu,63,2.55e-05,0.54,212040,0.977,0.0553,1,0.0533,-3.409,1,0.0878,106.911,4,0.211
441,Dream Evil,The Chosen Ones,7FQvFYg88JndjHvd5tBxwI,58,0.0123,0.563,302533,0.734,0.0,7,0.102,-6.207,0,0.038,115.983,4,0.231
442,My Darkest Days,Porn Star Dancing,3Q8zopc4ABXhysDb1sgLVW,71,0.0199,0.474,199013,0.923,0.0,2,0.0673,-3.405,1,0.0897,160.035,4,0.347
443,Volbeat,The Gates Of Babylon,48csvbvWNuVTqWDa81f5Sq,53,7.68e-05,0.496,274301,0.918,0.000124,5,0.121,-3.473,1,0.0573,116.039,4,0.338
444,Lamb of God,Redneck,04EtBLFIxbcVt9NdYgcrpF,65,5.63e-05,0.512,220880,0.996,0.000167,2,0.347,-2.1,1,0.114,130.931,4,0.0601
445,Pop Evil,Waking Lions,3yLaeajp3jUl6Xs8MCjxl5,63,1.82e-05,0.504,234837,0.973,0.0427,6,0.183,-2.887,1,0.185,143.067,4,0.685
446,Nickelback,Gotta Be Somebody,06T10fEzN8ZCcqzQZYA184,65,0.000354,0.536,252653,0.89,0.00165,0,0.133,-5.222,1,0.0601,115.998,4,0.205
447,Def Leppard,Love Bites - Remastered 2017,3Dfy8YIxq89i84t108TvMi,65,0.067,0.59,346960,0.743,0.00093,0,0.0847,-7.078,0,0.0347,129.79,4,0.413
448,Bon Jovi,Always,2RChe0r2cMoyOvuKobZy44,75,0.117,0.383,353027,0.659,0.0,4,0.0778,-5.558,1,0.0312,140.795,4,0.327
449,Volbeat,My Body,7MueUI9DxVV5PReSaK4ecI,49,9.61e-05,0.476,221560,0.976,1.49e-05,5,0.0603,-5.584,1,0.0761,141.073,4,0.64
450,Five Finger Death Punch,Wash It All Away,5nRBTzF9dLIlNqnl0xWo9g,65,2.08e-05,0.485,224906,0.987,0.0,4,0.267,-3.1,1,0.0738,123.576,4,0.272
451,Mötley Crüe,Kickstart My Heart,7GonnnalI2s19OCQO1J7Tf,79,0.00111,0.474,284027,0.977,0.00298,7,0.201,-3.839,0,0.176,89.494,4,0.236
452,Linkin Park,Crawling,57BrRMwf9LrcmuOsyGilwr,75,0.0466,0.58,208960,0.702,3.2e-06,4,0.536,-5.565,1,0.0337,105.076,4,0.299
453,Scorpions,Wind Of Change,3ovjw5HZZv43SxTwApooCM,77,0.371,0.48,313227,0.535,0.0,0,0.0929,-10.232,1,0.0324,75.766,4,0.293
454,Guns N' Roses,November Rain,3YRCqOhFifThpSRFJ1VWFM,81,0.0163,0.294,536067,0.641,0.22,11,0.112,-9.316,1,0.0291,79.759,4,0.226
455,Skillet,The Resistance,5O9Dz0h08LuBi0aVvDcylh,69,0.000526,0.483,232067,0.941,3.5e-06,2,0.31,-3.598,0,0.0575,156.033,4,0.503
456,Trivium,In Waves,1yYr4D1KjhhyDD5bZIiFQy,62,0.000211,0.477,302467,0.94,0.0518,9,0.346,-3.435,1,0.103,76.517,4,0.338
457,Def Leppard,Animal,4qjscZh4jfhkpcQG4ZQfi2,63,0.00153,0.583,244560,0.921,0.0178,11,0.188,-5.215,1,0.0468,119.526,4,0.613
458,Disturbed,Down With the Sickness,40rvBMQizxkIqnjPdEWY1v,74,0.000996,0.695,279213,0.876,6.89e-06,3,0.106,-4.262,0,0.0553,89.954,4,0.941
459,Godsmack,Bulletproof,22GEETI4LXhhePCO71PyEv,60,0.000181,0.362,177048,0.915,0.0,5,0.166,-3.244,0,0.181,162.226,4,0.603
460,Lordi,Hard Rock Hallelujah,7sZTvm0Sx8umbyQViTE2Qc,55,0.000232,0.557,247200,0.947,0.0503,3,0.134,-3.733,1,0.0528,123.028,4,0.559
461,Five Finger Death Punch,The Pride,2tbMiz9p19QbSJlbHiMs2y,58,8.96e-06,0.492,203813,0.987,0.0,4,0.231,-3.398,1,0.122,103.98,4,0.354
462,Avenged Sevenfold,Hail to the King,5anCkDvJ17aznvK5TED5uo,75,0.000376,0.585,304880,0.887,0.0518,3,0.132,-5.086,0,0.0362,118.035,4,0.711
463,Foo Fighters,Best of You,5FZxsHWIvUsmSK1IAvm2pp,75,0.000769,0.366,255627,0.94,9.42e-05,1,0.188,-5.119,0,0.0696,130.198,4,0.369
464,Gojira,Stranded,60fUDmIWuKhngaeBIVhqIV,64,9.59e-05,0.513,269533,0.88,0.00614,7,0.0824,-4.69,0,0.0309,92.358,4,0.495
465,Black Sabbath,Iron Man - 2009 Remastered Version,0TI8TP4FitVPoEHPTySx48,69,0.00361,0.336,353613,0.795,0.00143,6,0.0621,-10.845,0,0.0897,155.271,4,0.417
466,Metallica,Moth Into Flame,3JjZq20Kv6UphyyirAaY9A,58,3.64e-05,0.163,350644,0.977,0.0052,4,0.0555,-3.585,0,0.0591,178.44,4,0.369
