,artist_name,track_name,track_id,popularity,acousticness,danceability,duration_ms,energy,instrumentalness,key,liveness,loudness,mode,speechiness,tempo,time_signature,valence
0,Back To Back,En Som Dig,20QlpBMkKhWYKsxofvN69M,51,0.0282,0.685,240640,0.706,4.59e-06,11,0.0948,-6.574,1,0.0332,101.83,4,0.733
1,Jimilian,KICK (feat. 6ix9ine),3nkA1BXQFsT1rP2rNzufhh,62,0.0157,0.775,164004,0.513,0.0,5,0.127,-7.653,0,0.0613,137.032,4,0.585
2,Alphabeat,Shadows,5nyR10uysfZhx3RuTaPbo1,60,0.00092,0.703,165696,0.829,1.43e-05,5,0.0972,-4.964,0,0.0335,122.098,4,0.902
3,Ariana Grande,"thank u, next",3e9HZxeyfWwjeyPAMmWSSQ,94,0.229,0.717,207320,0.653,0.0,1,0.101,-5.634,1,0.0658,106.966,4,0.412
4,Lady Gaga,Music To My Eyes,5IXk9TVBuxG87sFrwclBJw,76,0.392,0.625,199200,0.356,0.00129,2,0.1,-9.044,1,0.0319,114.805,3,0.325
5,Selena Gomez,Back To You - From 13 Reasons Why – Season 2 Soundtrack,4hQ6UGyWQIGJmHSo0J88JW,84,0.0945,0.601,207905,0.724,1.68e-06,6,0.12,-4.856,1,0.0486,102.061,4,0.508
6,AMAL,IK BAR HÆNGE,7s21h1MImeqAazeNmOxk9b,54,0.411,0.786,148498,0.706,0.0,4,0.113,-5.759,0,0.059,113.967,4,0.595
7,Jax Jones,Play,29R1IMTTbDDA3VNlk6UEW5,80,0.0266,0.771,186240,0.768,1.26e-05,11,0.426,-7.773,0,0.0451,125.023,4,0.607
8,Kim Larsen,Sommer,5CK5NjspL0gcRG0iZ1GscQ,50,0.794,0.632,210000,0.478,9e-05,9,0.0972,-8.786,1,0.0265,97.703,4,0.623
9,Marshmello,Silence,7vGuf3Y35N4wmASOKLUVVU,86,0.256,0.52,180823,0.761,4.96e-06,4,0.17,-3.093,1,0.0853,141.971,4,0.286
10,Khalid,Young Dumb & Broke,5Z3GHaZ6ec9bsiI5BenrbY,86,0.199,0.798,202547,0.539,1.66e-05,1,0.165,-6.351,1,0.0421,136.949,4,0.394
11,Hjalmer,Dig Og Mig,1KA0Zt1BSbuMHtjv1FFasD,55,0.556,0.666,192693,0.546,0.0,11,0.0745,-6.456,0,0.0261,127.116,4,0.498
12,Bazzi,Beautiful (feat. Camila Cabello),4VUwkH455At9kENOfzTqmF,88,0.346,0.638,180000,0.717,0.0,2,0.105,-4.722,1,0.0337,100.027,4,0.249
13,Ude Af Kontrol,Jantelov,5xVQeWdm4AJTrav8ZMQ86t,53,0.0388,0.901,150000,0.788,7.19e-06,2,0.0495,-6.834,1,0.0822,128.079,4,0.761
14,Ariana Grande,"break up with your girlfriend, i'm bored",4kV4N9D1iKVxx1KLvtTpjS,98,0.0421,0.726,190440,0.554,0.0,5,0.106,-5.29,0,0.0917,169.999,4,0.335
15,KESI,Su Casa,4yF9erb9bMUIRXr6QdPgP4,60,0.284,0.724,197176,0.751,1.03e-06,8,0.0964,-4.144,0,0.0703,170.004,4,0.916
16,Ruth B.,Lost Boy,4h0zU3O9R5xzuTmNO7dNDU,79,0.965,0.71,275280,0.0565,0.0,7,0.0889,-15.099,1,0.0534,123.994,4,0.348
17,Shawn Mendes,Treat You Better,3QGsuHI8jO1Rx4JWLUh9jd,85,0.106,0.444,187973,0.819,0.0,10,0.107,-4.078,0,0.341,82.695,4,0.747
18,Gilli,Mama (feat. Kesi),10CdS6lWzNxOaIX1PCuFW5,58,0.367,0.657,187462,0.724,0.0,1,0.295,-6.611,1,0.0748,181.471,3,0.876
19,Hans Philip,Saa Blaa,2zAfQdoOeYujy7QIgDUq9p,60,0.764,0.805,303621,0.462,6.81e-06,1,0.366,-10.94,0,0.357,116.036,4,0.387
20,Julia Michaels,Heaven,1T575AhHueYinKSDflEsGK,80,0.857,0.552,191787,0.371,0.0,7,0.0838,-9.104,0,0.0359,199.843,3,0.245
21,Travis Scott,goosebumps,6gBFPUFcJLzWGx4lenP6h2,86,0.0847,0.841,243837,0.728,0.0,7,0.149,-3.37,1,0.0484,130.049,4,0.43
22,French Montana,No Stylist,04MLEeAMuV9IlHEsD8vF6A,86,0.0215,0.765,192172,0.704,0.0,5,0.227,-4.589,0,0.127,147.055,4,0.498
23,Kim Larsen,Flyvere I Natten,7gcWCnrkJb6NVEwi1oHfeS,52,0.0834,0.593,178840,0.656,0.00632,2,0.128,-9.881,1,0.0273,122.157,4,0.457
24,Kim Larsen,Frakken,0OX35YNtoemboPOuY8xm5k,49,0.603,0.72,211093,0.872,0.108,9,0.234,-8.459,1,0.0288,129.007,4,0.963
25,Ariana Grande,One Last Time,7xoUc6faLbCqZO6fQEYprd,83,0.093,0.628,197267,0.593,1.65e-06,8,0.096,-5.036,1,0.0323,125.026,4,0.104
26,Kim Larsen,Nu Dufter Tjørnen,0gn4QTlhlzvjrCpaH3zCIB,49,0.91,0.746,164267,0.319,2.4e-05,0,0.117,-9.659,1,0.0337,94.07,4,0.763
27,Karl William,Forfra,6PNOwTytTN9LQGaPVlKTFw,52,0.066,0.775,198921,0.639,2.33e-06,11,0.32,-6.672,0,0.0567,106.991,4,0.675
28,Travis Scott,BUTTERFLY EFFECT,2cYqizR4lgvp4Qu6IQ3qGN,83,0.0531,0.763,190557,0.628,0.0,11,0.114,-5.85,1,0.05,140.958,4,0.193
29,VAX,Crime,05OCY605lOXP7koHNBMPc2,72,0.369,0.666,153931,0.435,0.0,6,0.106,-8.089,0,0.0391,114.963,4,0.6
30,Mabel,Don't Call Me Up,5WHTFyqSii0lmT9R21abT8,94,0.296,0.674,178480,0.881,3.01e-06,9,0.0793,-2.853,1,0.147,98.994,4,0.234
31,AMAL,NÅR DU DØR,4JP5xrNLDGEgPGaiGQ7yvV,63,0.44,0.717,165598,0.692,0.0,0,0.127,-3.839,0,0.115,116.87,4,0.712
32,James Bay,Peer Pressure (feat. Julia Michaels),4JWQC6gyYoPRnxRxk0ta2M,82,0.0299,0.631,176880,0.715,0.0,1,0.121,-6.083,0,0.0277,135.826,4,0.42
33,Panic! At The Disco,High Hopes,1rqqCSm0Qe4I9rUvWncaom,94,0.193,0.579,190947,0.904,0.0,5,0.064,-2.729,1,0.0618,82.014,4,0.681
34,ZK,La La,7AJflREyNWWfSOo1GOQxvj,65,0.0337,0.806,198853,0.649,0.0,7,0.13,-6.999,0,0.0619,113.014,4,0.367
35,Chris Burton,Love Letters,2bmSoVE0rXEI6fGuy14QyA,69,0.0964,0.699,193411,0.679,0.0,2,0.166,-5.853,0,0.043,143.949,4,0.546
36,Rihanna,Umbrella,49FYlytm3dAAraYgpoJZux,82,0.00864,0.583,275987,0.829,0.0,1,0.0426,-4.603,1,0.134,174.028,4,0.575
37,Rihanna,Take A Bow,3goSVuTt3fDYDP6kRnFwuL,80,0.248,0.697,229413,0.467,0.0,9,0.0941,-7.536,1,0.0715,82.081,4,0.572
38,Drake,Don’t Matter To Me (with Michael Jackson),6G8kHiVZ1jW7vHMPVRNZU0,81,0.493,0.826,245787,0.318,0.0131,10,0.11,-12.391,1,0.0574,103.002,4,0.138
39,Offset,Ric Flair Drip (& Metro Boomin),7sO5G9EABYOXQKNPNiE9NR,86,0.149,0.88,172800,0.428,5.07e-05,9,0.114,-8.28,1,0.206,100.007,4,0.333
40,Jamaika,Aldrig (feat. Carmon),6DD5RDAyLBdGc1NC9Pju3E,56,0.27,0.676,247869,0.525,0.0,4,0.118,-7.572,0,0.086,140.595,4,0.464
41,Nicklas Sahl,Planets,2VglI9HaCwWBOIjQdbDQ0D,65,0.0484,0.573,203037,0.767,8e-06,11,0.112,-6.182,0,0.0781,179.958,4,0.63
42,FOOL,Strapped,3o6VhtL6rH2rBzsN8XvfWg,59,0.0445,0.734,184180,0.677,0.0,9,0.398,-5.879,0,0.04,140.072,4,0.592
43,Gilli,Habibi Aiwa,1UUj1iScVn6wOXiBSyBhLn,57,0.0612,0.731,198545,0.661,4.9e-05,5,0.146,-6.369,0,0.15,109.963,4,0.576
44,Maroon 5,What Lovers Do (feat. SZA),0GxQ1A5L9xnMOytbP6eKBG,82,0.0788,0.799,199849,0.597,5.66e-06,5,0.1,-5.131,0,0.0611,110.001,4,0.419
45,Khalid,Bad Luck,2vsuel3g4zaLYSOY0mOMbi,77,0.277,0.432,231653,0.52,0.371,1,0.138,-5.515,0,0.0548,164.047,4,0.303
46,Fouli,Dag 1,3hzZoBTNhvC1KdCr4P3UjJ,53,0.184,0.696,107574,0.64,0.0,8,0.0563,-5.567,1,0.222,124.628,5,0.592
47,OneTwo,Den Bedste Tid,4ge3bZ45T2pHBbcNTsECF1,51,0.0551,0.62,298440,0.806,7.2e-06,5,0.17,-6.268,0,0.0615,98.81,4,0.633
48,XO Cupid,True Colors (feat. Maya Avedis),4AMY0oGSt7vZwgxDnHCJBr,81,0.0796,0.636,184020,0.63,0.0,0,0.13,-6.396,1,0.0346,104.845,4,0.454
49,Thomas Helmig,Malaga,4cwipyLLmLtqsOhFP8EkCS,52,0.648,0.5,256747,0.393,0.0,0,0.215,-8.014,1,0.0314,72.137,4,0.52
50,Kim Larsen,En Brøkdel Af Et Sekund,3pJ8AuFIbBIudZFjDs86ff,52,0.785,0.795,190413,0.883,8.71e-05,1,0.147,-8.35,1,0.0386,119.992,4,0.927
51,Nik & Jay,Det' Den Vibe,1enA0j3hr3qxpTEnPjpiLH,55,0.0352,0.733,247151,0.663,0.0,9,0.0706,-6.444,1,0.115,158.063,4,0.262
52,Alexander Oscar,Number,3PzNjV3A8cRiQBUuFmtkQ7,57,0.114,0.635,179199,0.594,0.0,7,0.0652,-5.289,0,0.0498,159.924,4,0.238
53,Scarlet Pleasure,Good Together,259pBM4bY2oZTCCgTj3ChP,54,0.667,0.804,217678,0.533,0.0,10,0.097,-7.838,0,0.082,98.032,4,0.708
54,Ariana Grande,NASA,4uTvPEr01pjTbZgl7jcKBD,88,0.451,0.747,182000,0.458,0.0,6,0.252,-6.891,1,0.303,75.029,4,0.47
55,Toko,Kender Mit Navn,6QU5I7fABrj1DLfnpk698y,54,0.097,0.694,176129,0.8,0.0,5,0.102,-6.515,0,0.0613,104.032,4,0.664
56,Ne-Yo,So Sick,6brl7bwOHmGFkNw3MBqssT,79,0.273,0.699,207187,0.592,0.0,6,0.202,-8.298,1,0.262,94.933,4,0.589
57,The Script,Hall of Fame,7wMq5n8mYSKlQIGECKUgTX,79,0.0653,0.421,202533,0.873,0.0,10,0.123,-4.343,1,0.0565,84.803,4,0.63
58,Emil Kruse,Air Tonight (feat. Benjamin Hav),513USzRJreYwoYoIsqrvB2,56,0.267,0.867,199488,0.632,5.26e-06,11,0.216,-5.408,1,0.189,126.996,4,0.784
59,Zedd,Happy Now,4keoy2fqgwGnbWlm3ZVZFa,84,0.579,0.503,207030,0.741,1.49e-06,4,0.0712,-5.128,1,0.047,88.335,3,0.458
60,Lady Gaga,Shallow,2VxeLyX666F8uXCJ0dZF8B,96,0.371,0.572,215733,0.385,0.0,7,0.231,-6.362,1,0.0308,95.799,4,0.323
61,Travis Scott,SICKO MODE,2xLMifQCjDGFmkHkpNLD9h,93,0.00513,0.834,312820,0.73,0.0,8,0.124,-3.714,1,0.222,155.008,4,0.446
62,The Minds Of 99,Alle Skuffer Over Tid - Single Edit,6a2itcAnQzfViAiAly2Eg8,56,0.0134,0.521,242654,0.742,0.0106,2,0.124,-4.931,1,0.0281,153.994,4,0.191
63,Omar,Ligemeget,6xWOpzURtPgFqFeGTu7uqC,58,0.24,0.832,148133,0.647,0.0,0,0.106,-6.816,0,0.0746,119.972,4,0.854
64,Ray Dee Ohh,Jeg Vil La' Lyset Brænde,1rRcFwE1ydO2Y5jSmk1UIs,55,0.00109,0.621,272560,0.692,0.000693,9,0.362,-8.376,1,0.0283,127.032,4,0.509
65,Sia,No New Friends,3Y7a0typ6ik1KscmebXd6D,84,0.0648,0.724,175823,0.702,0.000256,7,0.121,-4.622,1,0.0429,106.044,4,0.688
66,Khalid,Right Back,5A1w94uzc1kO1Zhe8WWxC3,76,0.0649,0.789,215227,0.427,3.62e-05,5,0.171,-9.918,0,0.308,97.032,4,0.605
67,Pattesutter,Lille Pik,4zilaLUHhqf7oAjilo9ws6,52,0.0128,0.843,148587,0.96,0.00155,7,0.0373,-4.61,1,0.0474,146.998,3,0.978
68,Marshmello,Here With Me,5icOoE6VgqFKohjWWNp0Ac,93,0.0623,0.791,156347,0.565,0.0,5,0.156,-3.933,0,0.0439,99.961,4,0.181
69,James Arthur,Empty Space,1uru26I2JKd2mQZt0MDCUe,82,0.215,0.404,214227,0.531,0.0,1,0.0521,-4.328,1,0.103,164.848,4,0.321
70,ItaloBrothers,Summer Air,0V9cosR5jWa4fr2koARmhD,69,0.0635,0.755,183587,0.751,0.0,8,0.0812,-4.034,1,0.0748,102.002,4,0.491
71,Sleiman,Boomerang (feat. Ham VolKan),2aS5NmXUbJdEhWw2E5a8kj,53,0.229,0.701,187098,0.651,0.00101,7,0.203,-8.171,0,0.0503,112.058,4,0.296
72,Justin Timberlake,Say Something,1LhMopPAallLeaeNutqbgS,78,0.103,0.707,278893,0.632,1.09e-05,10,0.0841,-7.031,1,0.0789,97.04,4,0.372
73,ATYPISK,Tillid,4p64MewegGtC8Ziy8iGy8n,55,0.294,0.764,165262,0.688,0.0,6,0.146,-5.701,0,0.124,104.014,4,0.876
74,MellemFingaMuzik,JUNGLE,0VWTSWZVask2dSMShSphvM,64,0.322,0.793,209266,0.551,0.0,6,0.186,-5.909,0,0.0795,142.066,4,0.572
75,Khalid,Location,152lZdxL1OR0ZMW6KquMif,85,0.33,0.736,219080,0.449,0.000162,1,0.0898,-11.462,0,0.425,80.126,4,0.326
76,Ariana Grande,bad idea,5Il6Oe7lr5XM7A0cWbVQtr,87,0.0268,0.847,267107,0.579,0.0545,1,0.102,-5.314,1,0.0719,137.998,4,0.569
77,Bruno Mars,24K Magic,38ZofdJTyOfbbQKtjxZmrZ,12,0.034,0.818,225983,0.803,0.0,1,0.153,-4.282,1,0.0797,106.97,4,0.632
78,Marshmello,Happier,2dpaYNEQHiRxtZbfNsse99,96,0.191,0.687,214290,0.792,0.0,5,0.167,-2.749,1,0.0452,100.015,4,0.671
79,The Weeknd,Starboy,7MXVkk9YMctZqd1Srtv4MB,85,0.141,0.678,230453,0.588,6.35e-06,7,0.137,-7.015,1,0.276,186.005,4,0.486
80,Sam Smith,Stay With Me,5Nm9ERjJZ5oyfXZTECKmRt,85,0.588,0.418,172724,0.42,6.39e-05,0,0.11,-6.444,1,0.0414,84.094,4,0.184
81,Train,"Hey, Soul Sister",4HlFJV71xXKIGcU3kRyttv,83,0.185,0.673,216773,0.886,0.0,1,0.0826,-4.44,0,0.0431,97.012,4,0.795
82,Halsey,Without Me,5p7ujcrUXASCNwRaWNHR1C,96,0.297,0.752,201661,0.488,9.11e-06,6,0.0936,-7.05,1,0.0705,136.041,4,0.533
83,David Guetta,Flames,33IOhptvC2Qoy2UhjiHXLV,83,0.0723,0.609,195000,0.726,8.45e-06,5,0.0895,-4.346,0,0.0414,93.958,4,0.362
84,Kim Larsen,De Smukke Unge Mennesker,77qlTzXdjc9izVHXtYh6D3,54,0.0212,0.577,209560,0.662,0.0136,7,0.357,-8.976,1,0.03,101.01,4,0.498
85,Drax Project,Woke Up Late (feat. Hailee Steinfeld),3qLBz3j26AHO2jBYUQWLA6,79,0.043,0.698,181859,0.66,0.0,2,0.186,-5.429,0,0.083,119.214,4,0.351
86,gnash,"i hate u, i love u (feat. olivia o'brien)",7vRriwrloYVaoAe3a9wJHe,83,0.687,0.492,251034,0.275,0.0,6,0.101,-13.4,0,0.3,92.6,4,0.18
87,Benjamin Ingrosso,All Night Long (All Night) - Recorded at Spotify Studios Stockholm,5LKNumPGm1bEyVroDE4rcZ,76,0.0106,0.649,188166,0.718,0.000198,8,0.117,-7.101,0,0.0506,112.049,4,0.715
88,Kim Larsen,Miss Måneskin,1Pht56j69qznn8uXA7iKQW,52,0.777,0.715,183227,0.685,3.2e-05,7,0.126,-8.046,1,0.0355,115.046,4,0.772
89,Astrid S,Someone New,0G7Ik0gmxJBFJKAmK2p1k9,74,0.129,0.881,176618,0.697,1.39e-06,0,0.0834,-5.613,1,0.27,97.012,4,0.434
90,Lauv,There's No Way (feat. Julia Michaels),2hnxrRNzF74mdDzpQZQukQ,85,0.49,0.755,174861,0.625,0.0,2,0.157,-7.114,1,0.0896,147.02,4,0.374
91,Lewis Capaldi,Bruises,7x91w5f5x7UayENcGAP5i2,77,0.963,0.572,218492,0.319,0.0,4,0.161,-6.206,1,0.0685,110.922,4,0.359
92,Shawn Mendes,Where Were You In The Morning?,376Gg7Oxo5C5jUWDWpVXeI,78,0.554,0.716,200600,0.519,0.0,7,0.0993,-7.472,1,0.0554,87.963,4,0.466
93,James TW,You & Me,5g45gvxgaYVuhkDACPnvfh,81,0.196,0.714,231653,0.683,7.73e-06,11,0.102,-6.333,1,0.0443,127.021,4,0.824
94,Marshmello,FRIENDS,08bNPGLD8AhKpnnERrAc6G,87,0.205,0.626,202621,0.88,0.0,9,0.128,-2.384,0,0.0504,95.079,4,0.534
95,Hugo Helmig,Young Like This,5yOc7LHI9HIBRTWcLbGXXi,62,0.0309,0.646,186055,0.743,1.83e-05,11,0.0771,-6.272,1,0.0392,133.908,4,0.437
96,Martin Garrix,No Sleep (feat. Bonn),1ahVFh0ViDZr8LvkEVlq3B,87,0.129,0.44,207095,0.635,0.0,11,0.121,-6.385,1,0.0326,128.133,4,0.327
97,Skinz,Jeg Har En Pige,5O9gTB3YaUUJ39S6nN7rUn,55,0.137,0.72,201630,0.588,0.0,11,0.058,-7.593,1,0.0483,143.947,4,0.589
98,Julia Michaels,Issues,0xG0SHshCStMEyNbNC5d4k,77,0.39,0.686,176320,0.415,0.0,8,0.0617,-6.855,1,0.0752,114.205,4,0.446
99,Ariana Grande,7 rings,14msK75pk3pA33pzPVNtBF,97,0.578,0.725,178640,0.321,0.0,1,0.0884,-10.744,0,0.323,70.142,4,0.319
100,Johnny Deluxe,Drømmer Jeg,0J3LsonEK3aD0oozS9EBWJ,52,0.0242,0.523,199360,0.895,0.0,6,0.049,-3.673,0,0.0616,149.93,4,0.536
101,Joel Adams,Please Don't Go,3cNjgVBKTJ1SvKhunrCdVy,79,0.0118,0.513,210580,0.768,1.94e-05,4,0.294,-4.868,0,0.0587,84.264,4,0.235
102,Taio Cruz,Dynamite,2CEgGE6aESpnmtfiZwYlbV,77,0.00379,0.751,202613,0.783,0.0,4,0.036,-3.724,1,0.0859,119.975,4,0.816
103,Sofia Reyes,R.I.P. (feat. Rita Ora & Anitta),6JqpFboOH2bq9pzaYbkKBn,88,0.18,0.764,187200,0.752,0.0,8,0.0701,-3.713,0,0.0711,100.066,4,0.698
104,Rita Ora,Only Want You,2CTN6UuO2dNEVZXR0DJVk2,79,0.0599,0.654,180760,0.528,7.14e-05,6,0.0975,-6.224,0,0.0412,82.014,4,0.376
105,NOAH,Før Vi Falder,0n1AHWYu7NKwnsGXojGg2j,52,0.0147,0.572,208853,0.736,0.0,11,0.277,-5.223,1,0.0447,94.986,4,0.377
106,Post Malone,Stay,4H7WNRErSbONkM06blBoGc,82,0.414,0.479,204427,0.468,0.0,5,0.148,-5.396,1,0.0274,85.913,4,0.35
107,Dua Lipa,Kiss and Make Up,7jr3iPu4O4bTCVwLMbdU2i,86,0.0658,0.678,189173,0.729,0.0,8,0.303,-4.188,1,0.137,99.895,4,0.643
108,David Guetta,Let It Be Me (feat. Ava Max),2F83FxNVkK6PPMHuYnwyVc,75,0.128,0.743,172933,0.529,0.0,7,0.181,-6.187,0,0.0505,102.048,4,0.438
109,Louis Tomlinson,Two of Us,3fd5jcZKAzoiivM4ZDwhyU,81,0.226,0.614,217855,0.605,0.0,0,0.124,-5.411,1,0.0321,127.107,4,0.329
110,Kim Larsen,Fru Sauterne,45HQQ33qbF0WkbqcNcRIys,54,0.152,0.775,180227,0.736,2.73e-05,2,0.123,-9.64,1,0.0274,121.469,4,0.898
111,Khalid,Better,339Y993TrFyWyO438be0RY,74,0.0503,0.692,229400,0.552,0.165,0,0.136,-9.543,0,0.0497,98.028,4,0.15
112,Lady Gaga,Million Reasons,7dZ1Odmx9jWIweQSatnRqo,83,0.437,0.665,205280,0.424,0.0,0,0.107,-7.838,1,0.0444,129.911,4,0.134
113,Ed Sheeran,Happier,2RttW7RAu5nOAfq6YFvApB,86,0.536,0.522,207520,0.385,0.0,0,0.135,-7.355,1,0.0288,89.792,4,0.236
114,Avicii,Without You (feat. Sandro Cavazza),6Pgkp4qUoTmJIPn7ReaGxL,83,0.0018,0.653,181673,0.863,0.0,2,0.0406,-4.799,1,0.0457,134.004,4,0.276
115,Cardi B,Please Me,0PG9fbaaHFHfre2gUVo7AN,93,0.0642,0.747,200890,0.57,0.0,1,0.0832,-6.711,1,0.081,133.992,4,0.65
116,Alex & Sierra,Little Do You Know,1almCHdsfikRPfVB9VrEdT,81,0.746,0.5,185200,0.292,0.0,0,0.188,-8.554,1,0.0323,145.879,4,0.37
117,Niklas,Promise You,1QSzXcCtTmRJ6VwK6LgO3M,53,0.00354,0.719,185087,0.787,8.52e-06,6,0.106,-6.693,0,0.0445,94.987,4,0.642
118,French Montana,Unforgettable,3B54sVLJ402zGa6Xm4YGNe,85,0.0293,0.726,233902,0.769,0.0101,6,0.104,-5.043,1,0.123,97.985,4,0.733
119,Benal,Lampeskærm,1UZtPx4bgd7x75fbpOvOkM,54,0.176,0.876,192998,0.618,0.000198,11,0.103,-7.045,0,0.0738,127.005,4,0.743
120,benny blanco,"I Can’t Get Enough (benny blanco, Selena Gomez, J Balvin, Tainy)",1WSGTYKLEpKfNQYYW5Oymt,93,0.404,0.541,158027,0.468,3.65e-06,10,0.358,-4.039,0,0.362,95.266,4,0.69
121,Ukendt Kunstner,Overleve,36RlgMp6EFHKc2NEQ882nF,53,0.662,0.516,433535,0.394,0.00268,11,0.547,-11.324,0,0.274,118.007,4,0.0393
122,Jubël,Dancing in the Moonlight,5ow0sNF1zSqp71Ix5jEXWU,77,0.27,0.659,164010,0.617,0.0,11,0.187,-5.862,0,0.0649,119.858,4,0.187
123,Suspekt,Kinky Fætter,5zyEUkL2SNiJQ4iQVnhWkk,52,0.0951,0.858,132827,0.731,0.000213,10,0.166,-4.39,0,0.248,121.488,4,0.585
124,Bazzi,Mine,7uzmGiiJyRfuViKKK3lVmR,86,0.0161,0.71,131064,0.789,2.77e-06,4,0.451,-3.874,1,0.0722,142.929,4,0.717
125,Alec Benjamin,Let Me Down Slowly,2qxmye6gAegTMjLKEBoR3d,94,0.74,0.652,169354,0.557,0.0,1,0.124,-5.714,0,0.0318,150.073,4,0.483
126,Fouli,La Fami,6iKh27IuddYWKDKC6x5NtM,55,0.462,0.864,167435,0.693,0.0,10,0.167,-5.571,0,0.0516,118.962,4,0.851
127,Blak,Skyldig,4k9zexSmoSS6EER7F7SoPg,55,0.212,0.727,205449,0.717,0.0,0,0.103,-6.331,0,0.0788,100.051,4,0.673
128,Hjalmer,Folk Som Os,6xJPEJfevLa5A8qo2aPxTX,58,0.579,0.426,198538,0.49,0.0,6,0.13,-9.856,1,0.0949,97.284,4,0.286
129,Whitney Houston,I Wanna Dance with Somebody (Who Loves Me),2tUBqZG2AbRi7Q0BIrVrEj,83,0.207,0.709,291293,0.824,0.000307,1,0.0888,-8.824,1,0.0453,118.814,4,0.867
130,Mads Langer,Overgir Mig Langsomt,2x8ukHCsfOs7zedXLUsVP7,53,0.713,0.412,203293,0.388,0.0,9,0.409,-8.681,0,0.0375,100.657,4,0.277
131,Finn Pind,PENIS,0bDmVU3pf81nVQHcdlNH5Z,52,0.00782,0.859,158143,0.779,6.81e-06,11,0.0593,-4.957,1,0.245,139.965,4,0.591
132,Tyga,Taste (feat. Offset),5IaHrVsrferBYDm0bDyABy,89,0.0236,0.884,232959,0.559,0.0,0,0.101,-7.442,1,0.12,97.994,4,0.342
133,Ruben,Lay By Me,4l6boTiX3Erh3HYpKOa0D6,77,0.873,0.461,170831,0.195,0.0,10,0.11,-7.301,1,0.0352,110.193,4,0.381
134,Ed Sheeran,Thinking Out Loud,34gCuhDGsG4bRPIf9bb02f,85,0.474,0.781,281560,0.445,0.0,2,0.184,-6.061,1,0.0295,78.998,4,0.591
135,Reem,Kill the Love,6bHpZxyXnvkHeItfOxEJ6o,58,0.254,0.557,192000,0.58,0.0,2,0.18,-6.799,0,0.0607,106.598,4,0.402
136,ATYPISK,Aldrig For Sjov (feat. Branco & Gilli),1Td1VKv9mzF6zjFBe8TLgC,59,0.169,0.669,208216,0.715,0.0,1,0.106,-6.57,1,0.105,180.122,3,0.779
137,Ude Af Kontrol,Ikk' Giv Op,1dOD3agtyjo5m0OQgJ4g7X,54,0.215,0.62,174375,0.811,1.16e-05,5,0.0968,-4.059,0,0.0841,129.806,4,0.831
138,Carmon,Jailhouse (feat. Branco),31qtsTXbN7LM1xgjaeEHzt,53,0.0564,0.683,160798,0.807,0.0,1,0.219,-5.522,1,0.353,160.178,4,0.658
139,Molo,"LIV$TIL (feat. Benny Jamz, Gilli & MellemFingaMuzik)",1zrTET6hil9XNlRcSwRsV1,58,0.00431,0.899,278944,0.532,0.0,9,0.102,-6.014,1,0.0911,95.02,4,0.375
140,John Mayer,I Guess I Just Feel Like,1HNywa8Bk0TmzRwQrzhtPo,80,0.615,0.556,285480,0.528,0.0964,4,0.122,-8.033,1,0.0266,159.821,4,0.163
141,Kim Larsen,Brønshøj-Husum Ungdomsklub,3XGW5ORsP8kfNAqo3OHD8O,49,0.609,0.788,188840,0.532,5.94e-05,9,0.147,-9.819,1,0.0372,114.039,4,0.819
142,Scarlet Pleasure,What A Life,60G0YTBb4gtAgb0ODAPNAn,63,0.799,0.716,185942,0.572,1.89e-06,9,0.0793,-5.095,0,0.0391,113.779,4,0.64
143,Lewis Capaldi,Someone You Loved,2TIlqbIneP0ZY1O0EzYLlc,92,0.751,0.501,182161,0.405,0.0,1,0.105,-5.679,1,0.0319,109.891,4,0.446
144,Calum Scott,Dancing On My Own,2BOqDYLOJBiMOXShCV1neZ,83,0.839,0.682,260285,0.173,3.26e-05,1,0.0983,-8.749,1,0.0314,112.663,4,0.236
145,Skinz,Højre Og Venstre (feat. Ericka Jane),610KxSt2HNjczZ2ic2Yr9q,54,0.219,0.521,173912,0.478,0.0,10,0.23,-7.384,0,0.149,82.572,4,0.365
146,Rasmus Seebach,Øde Ø,38dUmnbyUHgflv5E8JgutG,53,0.145,0.759,251613,0.836,0.0,8,0.129,-4.807,1,0.035,115.991,4,0.933
147,Hailee Steinfeld,Capital Letters,6l0Ky2PycJV1Bz88kFeVGL,81,0.0337,0.661,219373,0.814,8.27e-06,0,0.0518,-5.529,1,0.0759,99.963,4,0.459
148,Post Malone,Sunflower - Spider-Man: Into the Spider-Verse,3KkXRkHbMCARz0aVfEt68P,98,0.556,0.76,158040,0.479,0.0,2,0.0703,-5.574,1,0.0466,89.911,4,0.913
149,Marshmello,Project Dreams,6GSkLS2y4ZnnZsuRAj975K,85,0.409,0.78,167898,0.828,0.0,8,0.104,-2.235,1,0.237,160.113,4,0.786
150,Khalid,Paradise,6fOOKqQWcSy33ApU1wqkkW,75,0.206,0.581,173653,0.452,0.00329,11,0.0881,-9.558,1,0.15,75.046,4,0.523
151,Bro,Døgnrytme,6I3ZRRax89Im1a5RueF5SY,62,0.12,0.705,175263,0.789,0.0,2,0.0809,-4.073,1,0.0616,97.006,4,0.637
152,Why Don't We,Big Plans,6Yx181fZzA0YE2EkUsYruq,86,0.0668,0.693,179930,0.604,0.0,11,0.114,-5.279,1,0.0427,75.014,4,0.651
153,Gilli,Tidligt Op,5GqBuGhnj9Km3LlOcaN101,54,0.202,0.539,231864,0.669,0.0,9,0.547,-7.154,0,0.0559,118.065,4,0.689
154,Shakira,Hips Don't Lie,3ZFTkvIE7kyPt6Nu3PEa7V,83,0.284,0.778,218093,0.824,0.0,10,0.405,-5.892,0,0.0712,100.024,4,0.756
155,Mads Langer,Flawless,00xE0XQaGE9ScphTFr0PJM,54,0.03,0.744,208643,0.598,0.0,11,0.121,-7.102,0,0.0273,110.006,4,0.502
156,Meek Mill,Going Bad (feat. Drake),2IRZnDFmlqMuOrYOLnZZyc,94,0.259,0.889,180522,0.496,0.0,4,0.252,-6.365,0,0.0905,86.003,4,0.544
157,Kim Larsen,Den Store Dag,3Rx2hq38zL7tCRSjwqRwWw,53,0.808,0.686,222587,0.732,0.0255,2,0.096,-7.761,1,0.0255,96.997,4,0.901
158,Hans Philip,Drenge & Piger,6OXT1Ga5d7YyQaEXK7JCpN,60,0.856,0.705,157274,0.339,0.000103,7,0.119,-8.274,1,0.0504,76.331,3,0.629
159,Back To Back,Jonathan,1FtJYUnbmRScX8W749QP5t,50,0.224,0.612,242640,0.716,0.0,6,0.0467,-5.999,1,0.0324,83.945,4,0.727
160,KESI,Ekstra,3G3mTTR1EDmce8zZIdapM6,55,0.088,0.765,190000,0.668,0.0,5,0.0967,-5.667,0,0.111,143.987,4,0.714
161,Jason Mraz,I'm Yours,1EzrEOXmMH3G43AXT1y7pA,85,0.595,0.686,242187,0.457,0.0,11,0.105,-8.322,1,0.0468,150.953,4,0.718
162,Khalid,Free Spirit,2kAIpGWnlFLQh48iut6Zzq,76,0.308,0.627,182080,0.446,0.00077,2,0.111,-9.477,0,0.0332,139.994,4,0.11
163,Post Malone,rockstar (feat. 21 Savage),0e7ipj03S05BNilyu5bRzt,91,0.117,0.587,218147,0.535,6.56e-05,5,0.131,-6.09,0,0.0898,159.847,4,0.14
164,Rasmus Seebach,Under Stjernerne På Himlen,7LsORW4YwWQ1IWTjSHchVy,55,0.778,0.681,173907,0.293,0.0,9,0.113,-9.376,1,0.0294,85.914,4,0.387
165,KESI,Mamacita,5OSH98PlarYwozcSR7lY19,56,0.0873,0.694,219922,0.633,1.33e-05,5,0.132,-5.003,0,0.193,177.944,4,0.657
166,Skinz,SPOTLIGHT,1RnlohkyhQQWiSxA8e4aHY,60,0.0296,0.771,185497,0.654,0.0,8,0.163,-6.617,0,0.0374,140.108,4,0.878
167,KESI,Kom Over,6Lu7LCf7t7V6X7i4NQywcT,60,0.0859,0.489,196165,0.69,0.0,8,0.288,-5.352,1,0.0856,98.0,4,0.651
168,Ed Sheeran,Castle on the Hill,6PCUP3dWmTjcTtXY02oFdT,82,0.0232,0.461,261154,0.834,1.14e-05,2,0.14,-4.868,1,0.0989,135.007,4,0.471
169,Dean Lewis,Be Alright,3EPXxR3ImUwfayaurPi3cm,92,0.697,0.553,196373,0.586,0.0,11,0.0813,-6.319,1,0.0362,126.684,4,0.443
170,Carmon,Dem Der Ved Det,5W44QIRvi8xW8UU38ug8d6,56,0.139,0.691,198664,0.611,0.0,11,0.331,-4.871,0,0.199,128.236,4,0.519
171,Rita Ora,Your Song,4c2W3VKsOFoIg2SFaO6DY5,78,0.158,0.855,180757,0.624,0.0,1,0.0513,-4.093,1,0.0488,117.959,4,0.962
172,Ude Af Kontrol,Velsignet - Har Det Godt pt. 2,2xnJK0zZoSCbxIW4RYNYQv,53,0.0109,0.622,185504,0.897,0.0,2,0.0449,-4.946,1,0.109,134.245,4,0.575
173,KESI,God Dag,4Jg4Qp4byYVpJ5m5NpiLa9,52,0.0665,0.823,172857,0.7,2.21e-05,4,0.111,-4.907,0,0.0652,111.966,5,0.744
174,Shawn Mendes,Lost In Japan - Remix,575NJxNUVDqwJGdzBrlLbv,82,0.0882,0.694,201253,0.852,0.0,7,0.334,-5.34,0,0.257,107.178,4,0.377
175,Carmon,Fokus,6MDS0lqBpadFAuUaZijO7x,56,0.487,0.794,174636,0.666,0.0,9,0.103,-5.634,0,0.0962,91.929,4,0.49
176,Christian Brøns,Du Kan Gøre Hvad Du Vil - Radio Version,0pOcQ4GVseflTKsy1c2dfX,51,0.236,0.522,220333,0.779,0.0,9,0.34,-5.862,0,0.0287,88.989,4,0.518
177,Martin Jensen,Solo Dance,3R6dPfF2yBO8mHySW1XDAa,69,0.0485,0.746,174933,0.846,0.0,9,0.195,-2.432,1,0.048,114.955,4,0.403
178,Johny Cola,Ska Der Være Fest Så La Der Være Fest,6uVXPdYhm6p3HR8SGxGiyy,52,0.00907,0.849,193286,0.769,1.44e-06,2,0.0788,-7.131,1,0.218,139.905,4,0.537
179,Thomas Helmig,Stupid Man,5HjIGzesTt8dwTgy8z7KRf,53,0.0453,0.678,206600,0.875,1.73e-05,5,0.38,-4.92,1,0.0273,124.66,4,0.758
180,Jamaika,Narcos,27h0bXSfmLjRu1jbTqgeEe,57,0.227,0.726,196293,0.602,0.0,4,0.0566,-5.945,0,0.0768,141.939,4,0.482
181,Lukas Graham,Off To See The World,6NE7XlWVSwFenNMXeGiD7n,61,0.0105,0.878,184013,0.761,3.58e-06,8,0.277,-5.371,1,0.165,106.982,4,0.699
182,James Arthur,Naked,7krbSH3rd8lhIZvuzTV3Bl,82,0.104,0.529,234107,0.607,0.0,6,0.0631,-6.781,1,0.0574,101.966,4,0.238
183,FOOL,Worry,1HbdS6DUrJbxWj1vnrXHsD,64,0.0192,0.734,228446,0.685,4.02e-06,1,0.127,-5.788,1,0.0526,100.075,4,0.436
184,NOTD,I Wanna Know (feat. Bea Miller),18W92Zm1KjLCbUIszOhpkD,79,0.0253,0.661,197939,0.725,0.0,6,0.123,-4.859,1,0.0563,119.927,4,0.605
185,Shawn Mendes,Youth (feat. Khalid),1h0yImRPIVAjhhHeNVlTuC,80,0.56,0.534,190867,0.596,0.0,6,0.133,-6.653,0,0.117,100.121,4,0.324
186,Anders Matthesen,Pesto - Ternet Ninja,21arwdlVJ7vEb6M1EUG2EB,57,0.243,0.756,176450,0.598,0.0,0,0.129,-7.627,0,0.131,96.006,4,0.425
187,Alec Benjamin,Let Me Down Slowly (feat. Alessia Cara),1roCmBlcpV7LzsmB7pmCyt,76,0.716,0.655,169175,0.569,7.4e-06,1,0.135,-5.018,0,0.0349,150.267,4,0.44
188,Kris Kross Amsterdam,Whenever (feat. Conor Maynard),3DGar7krWlmrXRFHBcQF6z,81,0.151,0.734,163636,0.765,0.0,7,0.231,-5.562,1,0.0621,109.989,4,0.518
189,Kanye West,I Love It (& Lil Pump),4S8d14HvHb70ImctNgVzQQ,85,0.0114,0.901,127947,0.522,0.0,2,0.259,-8.304,1,0.33,104.053,4,0.329
190,Kim Larsen,Midt Om Natten,6FvyN8jVNDNsOREm5VDlex,55,0.333,0.95,262680,0.382,0.00825,10,0.0798,-9.425,1,0.0495,115.93,4,0.607
191,James TW,Please Keep Loving Me,78zUxUPvONPgMIt46q5be6,73,0.117,0.537,195920,0.469,1.78e-06,5,0.106,-8.486,1,0.0764,175.971,4,0.294
192,Hans Philip,Siger Ingenting,1ASfDW1PgHJ9g97T7B1a4J,61,0.463,0.492,224000,0.253,3.94e-05,5,0.146,-12.679,1,0.0385,115.144,4,0.186
193,Shawn Mendes,Stitches,3zkWCteF82vJwv0hRLba76,78,0.0152,0.746,206880,0.754,0.0,1,0.0486,-6.681,1,0.067,149.882,4,0.764
194,Gilli,Langsom,5fQiM6oa6M00dBNNcS6pSc,57,0.0915,0.6,209011,0.658,0.0,8,0.156,-7.474,0,0.0921,195.67,4,0.518
195,Nightcall,Let You Go,3MdXljQymY43YwHw1N0lOd,64,0.164,0.755,181069,0.767,0.00454,10,0.354,-5.57,1,0.0397,114.011,4,0.423
196,Camila Cabello,Havana,1rfofaqEpACxVEHIZBJe6W,88,0.184,0.765,217307,0.523,3.56e-05,2,0.132,-4.333,1,0.03,104.988,4,0.394
197,The Chainsmokers,Kills You Slowly,1Pz3QmQFBFuI60rxCQBeW6,81,0.0518,0.696,213333,0.429,0.0,1,0.128,-8.736,0,0.0554,149.967,4,0.242
198,Kim Larsen,Wunderkind,6Sh6HFbQfwGHoPeNGnHltb,50,0.715,0.689,184120,0.37,3.62e-06,2,0.124,-10.83,1,0.0575,182.109,4,0.849
199,Hans Philip,Et Studie i Overtænkning,6R8KbgZnmrjcDlPOomyVhQ,56,0.786,0.393,291740,0.426,0.0046,1,0.0861,-11.417,0,0.0615,163.57,4,0.453
200,James Arthur,Say You Won't Let Go,5uCax9HTNlzGybIStD3vDh,85,0.695,0.358,211467,0.557,0.0,10,0.0902,-7.398,1,0.059,85.043,4,0.494
201,Shawn Mendes,Mercy,0AS63m1wHv9n4VVRizK6Hc,83,0.125,0.555,208733,0.662,0.0,11,0.111,-4.952,0,0.0827,148.128,4,0.356
202,Dodo & the Dodos,Vågner I Natten,16pM9AtT4nRc7f7mjXCIS4,54,0.00295,0.595,298884,0.902,0.61,8,0.185,-5.63,1,0.0271,139.974,4,0.564
203,George Ezra,Shotgun (The Wild Remix),5up5uXChMJLKyuop9HwtCb,65,0.327,0.588,191650,0.757,0.0,5,0.323,-2.415,1,0.0716,122.813,4,0.836
204,Khalid,Don't Pretend,78P2cNBhbdjXWIRYuEXkV6,73,0.246,0.591,165840,0.547,0.00466,11,0.123,-8.835,1,0.1,89.005,4,0.222
205,Ude Af Kontrol,Snehvide Med De 7 Små Poser,4GeqhagYz03kwTAbKBaVf9,55,0.0935,0.868,170000,0.855,0.000182,10,0.106,-5.655,0,0.144,130.014,4,0.518
206,Gilli,Planer,3pM5vFRWDEvLtX31BC8FOd,63,0.291,0.715,159153,0.5,0.0,9,0.557,-6.373,0,0.147,105.026,4,0.546
207,Nik & Jay,Længe Leve Drømmene,3dgCPLUiT1iv5Tqz19C5jM,38,0.105,0.847,184517,0.657,0.000178,7,0.0981,-4.684,1,0.139,102.046,4,0.509
208,DJ Snake,"Taki Taki (with Selena Gomez, Ozuna & Cardi B)",4w8niZpiMy6qz1mntFA5uM,94,0.153,0.841,212500,0.798,3.33e-06,1,0.0618,-4.206,0,0.229,95.948,4,0.591
209,Nik & Jay,Hot Sauce,0K3ndEOFiWz9xrh8xHa4vZ,55,0.112,0.826,193721,0.759,2.53e-05,6,0.205,-6.234,1,0.126,112.037,4,0.775
210,Khalid,OTW,6Hgh47WXVKtXN5zGOu0hjI,83,0.183,0.652,263014,0.678,3.26e-05,2,0.106,-6.183,1,0.0541,72.989,4,0.28
211,Miley Cyrus,Party In The U.S.A.,3E7dfMvvCLUddWissuqMwr,81,0.00112,0.652,202067,0.698,0.000115,10,0.0886,-4.667,0,0.042,96.021,4,0.47
212,NODE,Skub Det Ud,6MlALdIHp0ONkZeWWuLqfL,55,0.154,0.827,159717,0.638,0.0,8,0.0782,-6.966,0,0.144,130.054,4,0.882
213,A$AP Rocky,Praise The Lord (Da Shine) (feat. Skepta),7ycWLEP1GsNjVvcjawXz3z,86,0.0609,0.85,205040,0.569,0.0816,5,0.1,-8.152,0,0.136,80.02,4,0.294
214,Mohombi,Bumpy Ride,71R6zJsrF3ffc3TBFHfivX,68,0.0562,0.707,224720,0.843,0.0,0,0.185,-4.634,0,0.0398,105.005,4,0.826
215,Lukas Graham,Not A Damn Thing Changed,5vph4KmP15IRBLRPPsLnRo,60,0.238,0.8,193520,0.709,0.0,6,0.119,-5.834,0,0.0381,127.438,3,0.388
216,Lady Gaga,Look What I Found,6Id5RM56PFn2hB4I0ox0WA,76,0.456,0.849,175240,0.493,0.000463,1,0.133,-4.1,0,0.0417,97.012,4,0.447
217,Justin Bieber,Love Yourself,50kpGaPAhYJ3sGmk6vplg0,83,0.856,0.607,233720,0.376,0.0,4,0.285,-9.954,1,0.453,102.541,4,0.545
218,Sigala,Just Got Paid,0v3BMLcwUmAwyqJaf5997o,82,0.0348,0.732,218250,0.922,0.0,6,0.146,-1.829,0,0.0975,120.033,4,0.589
219,Mustard,Pure Water (with Migos),63cd4JkwGgYJrbOizbfmsp,92,0.172,0.68,194520,0.559,0.0,0,0.318,-5.545,1,0.129,202.006,4,0.137
220,Justin Timberlake,"CAN'T STOP THE FEELING! (Original Song from DreamWorks Animation's ""TROLLS"")",6JV2JOEocMgcZxYSZelKcc,79,0.0123,0.667,236002,0.83,0.0,0,0.191,-5.715,1,0.0749,113.03,4,0.701
221,Martin Jensen,Nobody,0Qew3aYvQPGPjfL7gbe6x1,75,0.269,0.673,211040,0.687,0.0,6,0.181,-5.295,0,0.0623,96.964,4,0.524
222,Phlake,Angel Zoo,672amoeenDyj593OhDRgak,57,0.207,0.669,159720,0.683,3.99e-06,0,0.171,-5.214,1,0.173,80.022,4,0.452
223,Fouli,Gaden,0zeMVGz1ZphzggPiiaas3s,56,0.00962,0.537,189466,0.524,0.0,11,0.191,-7.924,0,0.333,76.168,4,0.542
224,Rita Ora,Let You Love Me,6xtcFXSo8H9BZN637BMVKS,85,0.288,0.531,190000,0.854,0.0,10,0.0773,-3.149,1,0.198,94.419,4,0.456
225,Citybois,Ring På Dig,6prbvSCVLFfsiiZdGRln5f,54,0.0298,0.768,198839,0.743,1.1e-06,7,0.159,-5.088,1,0.0742,102.031,4,0.652
226,Faustix,Solo,3Eemi4XR3hqNP4JnIV35Ca,59,0.0601,0.405,151286,0.846,0.0,4,0.239,-6.207,0,0.285,105.091,1,0.232
227,Ariana Grande,MONOPOLY (with Victoria Monét),6tsOcBnaKgzK22yEiqRh8P,86,0.704,0.892,158587,0.507,3.14e-05,0,0.109,-8.282,1,0.378,143.96,4,0.695
228,J. Cole,MIDDLE CHILD,2JvzF1RMd7lE3KmFlsyZD8,96,0.149,0.837,213594,0.364,0.0,8,0.271,-11.713,1,0.276,123.984,4,0.463
229,The Black Eyed Peas,Where Is The Love?,1FreAz1lmnDi5aKLB6GdFM,77,0.1,0.833,272533,0.713,0.0,5,0.128,-3.259,1,0.178,94.091,4,0.806
230,Alexander Oscar,Complicated,43XVQnmthLUV5acNBzGzJ1,70,0.0766,0.714,186797,0.687,4.35e-05,1,0.0725,-3.641,0,0.0374,99.962,4,0.539
231,Lewis Capaldi,Grace,4eQBL0cuF3ismYCzBff2Ii,79,0.49,0.733,184880,0.533,0.0,4,0.171,-6.971,1,0.0357,104.506,4,0.483
232,Scarlet Pleasure,Limbo,2eal8Nsdnp60kq1zPgdBd3,54,0.618,0.857,190903,0.656,0.000104,4,0.0885,-8.256,0,0.214,102.923,4,0.685
233,Lukas Graham,7 Years,7129iqBafaphfc3WPCGC0L,53,0.29,0.742,237300,0.479,0.0,10,0.391,-5.83,1,0.0551,119.951,4,0.346
234,Rudimental,"These Days (feat. Jess Glynne, Macklemore & Dan Caplen)",5CLGzJsGqhCEECcpnFQA8x,85,0.194,0.653,210773,0.809,0.0,0,0.165,-4.057,1,0.0474,92.213,4,0.55
235,Khalid,Self,29uWfSrklmIxzRIqFFK9jj,81,0.44,0.618,229960,0.693,0.759,1,0.101,-7.889,0,0.333,143.98,4,0.439
236,KESI,Følelsen,7LSpHN7E9EKZo2YovzqOAV,55,0.202,0.774,198930,0.713,0.0,5,0.0567,-4.748,0,0.0786,92.959,4,0.872
237,Kim Larsen,Dagens Mand,3qB0w8gE4tO7Ofhye8z8Bl,49,0.712,0.64,210027,0.775,0.0,9,0.11,-8.68,1,0.029,174.015,4,0.938
238,JP Cooper,September Song,0zbzrhfVS9S2TszW3wLQZ7,78,0.054,0.614,220291,0.615,0.0,0,0.0921,-6.7,0,0.0444,95.941,4,0.374
239,Citybois,Sig Mig,2kDVTfMiMP8ignU2hU2yCB,63,0.177,0.703,194707,0.812,0.0,7,0.228,-4.744,1,0.245,92.037,4,0.626
240,The Chainsmokers,Who Do You Love (with 5 Seconds of Summer),11cDEev79fPKi6uJCjUhu8,92,0.00791,0.51,226747,0.835,0.0,3,0.219,-4.673,1,0.0447,140.024,4,0.435
241,Khalid,Talk,0rTV5WefWd1J3OwIheTzxM,94,0.0501,0.9,197487,0.4,0.0,0,0.0876,-8.443,1,0.124,136.001,4,0.338
242,Post Malone,I Fall Apart,75ZvA4QfFiZvzhj2xkaWAh,87,0.0689,0.556,223347,0.538,0.0,8,0.196,-5.408,0,0.0382,143.95,4,0.291
243,Zedd,365,2XWjPtKdi5sucFYtVav07d,88,0.339,0.745,181900,0.693,0.0,2,0.123,-5.479,0,0.034,98.039,4,0.248
244,Chris Burton,What Sucks About Love (feat. Tory Lanez),7trnqgCjoV1LPh5qjZDM5C,58,0.0585,0.756,213667,0.475,0.0,6,0.131,-7.96,0,0.0411,127.078,4,0.579
245,George Ezra,Shotgun,4ofwffwvvnbSkrMSCKQDaC,87,0.286,0.672,201287,0.735,0.0,5,0.242,-4.733,1,0.0457,115.741,4,0.754
246,Ukendt Kunstner,Fucking Nummer,64mWFnjL0AvzuBzXVQ3qmp,53,0.509,0.423,302587,0.698,1.62e-06,11,0.111,-6.305,0,0.0792,154.042,4,0.325
247,Ed Sheeran,Perfect,0tgVpDi06FyKpA1z0VMD4v,89,0.163,0.599,263400,0.448,0.0,8,0.106,-6.312,1,0.0232,95.05,3,0.168
248,Khalid,My Bad,1DUSuNhF8P5vUGNPpQiZa5,91,0.543,0.645,166101,0.568,0.266,5,0.257,-9.127,0,0.0823,84.999,4,0.391
249,Post Malone,Better Now,7dt6x5M1jzdTEt8oCbisTK,92,0.354,0.68,231267,0.563,0.0,10,0.136,-5.843,1,0.0454,145.028,4,0.374
250,Mark Ronson,Nothing Breaks Like a Heart (feat. Miley Cyrus),27rdGxbavYJeBphck5MZAF,90,0.00987,0.601,217467,0.794,1.36e-06,7,0.388,-5.844,0,0.0671,114.066,4,0.244
251,TopGunn,Hyggesang,3T9RFgqWQ0KXxdo3AiaBUS,53,0.0649,0.82,149692,0.745,0.0,4,0.102,-3.657,0,0.0647,103.999,4,0.562
252,Lord Siva,Paris,1NgeW6kFhdqAvEKgKYhf1s,70,0.151,0.818,170645,0.533,6.66e-06,6,0.133,-6.05,0,0.0428,114.97,4,0.774
253,Hjalmer,Hvis Du Går,2POOLkEGQC5JMEN6rtqDRa,51,0.207,0.539,194993,0.587,0.0,8,0.0838,-7.114,1,0.0379,93.977,4,0.18
254,Daya,Insomnia,7hzlzoOwCZ4D3Ow5YZK4kj,82,0.0944,0.754,179746,0.653,0.0,7,0.383,-5.095,1,0.0611,123.084,4,0.379
255,Hans Philip,Dagdrøm [1],6pa0cDzwcgekEdoLqTXoTS,63,0.453,0.474,236386,0.656,0.0206,4,0.299,-6.658,0,0.0613,80.848,4,0.374
256,Danseorkestret,Kom Tilbage Nu,598JrQyHZ5oviov9RFjsM8,51,0.0169,0.761,300800,0.87,3.87e-06,9,0.0752,-5.785,0,0.11,109.973,4,0.769
257,Dua Lipa,New Rules,2ekn2ttSfGqwhhate0LSR0,86,0.00261,0.762,209320,0.7,1.56e-05,9,0.153,-6.021,0,0.0694,116.073,4,0.608
258,Post Malone,Paranoid,3fpVWegR6YOS1Yk5HSMYIq,80,0.0379,0.61,221787,0.554,3.84e-05,0,0.166,-5.501,1,0.137,159.85,4,0.244
259,Kim Larsen,Susan Himmelblå,6aJS26fzd7rZzxKUM65r86,52,0.245,0.789,230120,0.793,0.00309,9,0.0813,-6.34,1,0.03,123.698,4,0.967
260,Gilli,Knokler Hårdt,5RR4sBH4TRqyFp386kf99d,53,0.135,0.504,245729,0.659,0.0,2,0.376,-6.411,1,0.0927,132.97,4,0.0766
261,Khalid,8TEEN,5bgwqaRSS3M8WHWruHgSL5,80,0.225,0.83,228600,0.585,0.00209,1,0.0576,-5.802,1,0.0366,105.03,4,0.642
262,Luis Fonsi,Despacito - Remix,6rPO02ozF3bM7NnOV4h6s2,83,0.228,0.653,228827,0.816,0.0,2,0.0967,-4.353,1,0.167,178.086,4,0.816
263,Gryffin,Remember (with ZOHARA),2EdT0divbyKeaurz7KgPm1,75,0.0975,0.619,221693,0.901,0.0455,11,0.178,-4.173,0,0.0563,123.002,4,0.503
264,Zedd,The Middle,09IStsImFySgyp0pIQdqAc,88,0.171,0.753,184732,0.657,0.0,7,0.112,-3.061,1,0.0449,107.01,4,0.437
265,Selena Gomez,Wolves,0tBbt8CrmxbjRP0pueQkyU,86,0.129,0.72,197993,0.807,0.0,11,0.183,-4.59,0,0.0432,124.946,4,0.305
266,Faustix,Crying In The Sun,0VQUyufAldw4Eitv71TPmg,68,0.214,0.682,195947,0.786,0.0,11,0.12,-4.87,0,0.0477,91.042,4,0.664
267,Bro,Kondi,5kVH2yGSh2Sjqhp9PYWWz6,52,0.194,0.715,189143,0.61,0.0,11,0.19,-6.315,1,0.218,160.004,4,0.62
268,Post Malone,Candy Paint,32lItqlMi4LBhb4k0BaSaC,84,0.627,0.67,227533,0.654,1.02e-06,4,0.071,-5.944,1,0.153,180.024,4,0.438
269,Chris Brown,Undecided,7uiBocndm12aKbsdnQ3Scx,84,0.172,0.441,187298,0.527,0.0,3,0.233,-5.318,1,0.0966,96.37,4,0.589
270,Little Mix,Secret Love Song,4JIo8RztBbELr2gWJ5OGK6,77,0.259,0.534,249813,0.642,0.0,9,0.29,-3.971,1,0.0504,92.963,4,0.131
271,Post Malone,Wow.,6MWtB6iiXyIwun0YzU6DFP,98,0.163,0.833,149520,0.539,2.1e-06,11,0.101,-7.399,0,0.178,99.947,4,0.385
272,Shawn Mendes,In My Blood,2QZ7WLBE8h2y1Y5Fb8RYbH,86,0.0573,0.622,211360,0.712,0.0,5,0.13,-7.321,1,0.066,140.025,4,0.487
273,Kim Larsen,Charlie,62Jw9g5XB7c4HScXqbW4wa,51,0.834,0.793,180520,0.416,0.000589,2,0.115,-8.142,1,0.0441,106.91,4,0.548
274,James TW,When You Love Someone,1o6YK7phnXgsljfWSQQfWc,81,0.248,0.675,216373,0.444,0.0,7,0.0531,-6.067,1,0.028,125.884,4,0.356
275,Tøsedrengene,Indianer,7tnWTx0bXHI3tW5gnrbGDE,51,0.304,0.784,251280,0.756,3.53e-05,9,0.0901,-5.664,1,0.0449,147.223,4,0.872
276,Christopher,My Heart,1zVfFnkHv8ubJRXT30d4T3,73,0.335,0.733,196477,0.48,0.0,2,0.232,-5.828,1,0.0401,133.056,3,0.488
277,Christopher,Bad,6L2TOTO0JjlVuKBnIuWcVY,57,0.0664,0.761,190372,0.585,0.0,1,0.505,-7.252,0,0.1,96.09,4,0.684
278,Ariana Grande,imagine,39LmTF9RgyakzSYX8txrow,88,0.378,0.729,212267,0.475,0.0,8,0.12,-4.985,1,0.0364,62.52,3,0.371
279,Backstreet Boys,I Want It That Way,47BBI51FKFwOMlIiX6m8ya,80,0.257,0.689,213307,0.694,0.0,6,0.148,-5.83,0,0.027,99.039,4,0.482
280,The Chainsmokers,This Feeling,4NBTZtAt1F13VvlSKe6KTl,87,0.0558,0.575,197947,0.571,0.0,1,0.0912,-7.906,1,0.0439,105.049,4,0.449
281,Lauv,I Like Me Better,1wjzFQodRWrPcQ0AnYnvQ9,88,0.535,0.752,197437,0.505,2.55e-06,9,0.104,-7.621,1,0.253,91.97,4,0.419
282,Jonas Blue,Polaroid,1wsLHgXJ4SKIfd5ePSX1hD,84,0.293,0.652,193377,0.897,0.0,7,0.0722,-4.481,0,0.036,114.033,4,0.475
283,Khalid,Outta My Head (with John Mayer),09oZ9eXQ2fo6YDrPzJqAoP,82,0.0174,0.729,177067,0.545,0.000274,0,0.369,-7.818,1,0.0316,103.012,4,0.514
284,benny blanco,Eastside (with Halsey & Khalid),0d2iYfpKoM0QCKvcLCkBao,90,0.555,0.56,173800,0.68,0.0,6,0.116,-7.648,0,0.321,89.391,4,0.319
285,P!nk,Walk Me Home,7DHApOHsIFo7EyfieArYGE,89,0.0519,0.652,177391,0.453,0.0,1,0.179,-6.119,1,0.0445,88.038,3,0.432
286,Justin Bieber,Sorry,09CtPGIpYB4BrO8qb1RGsF,81,0.0865,0.605,200787,0.768,0.0,0,0.308,-3.724,0,0.0476,100.209,4,0.414
287,James Bay,Let It Go,3nnG7AM9QopHVPEuLX3Khk,75,0.818,0.546,260533,0.311,1.65e-05,1,0.107,-10.396,1,0.0288,147.464,4,0.246
288,Calvin Harris,Giant (with Rag'n'Bone Man),5itOtNx0WxtJmi1TQ3RuRd,94,0.016,0.807,229184,0.887,0.000503,1,0.0811,-4.311,0,0.0361,122.015,4,0.606
289,Anne-Marie,Perfect To Me,0DC7Zs2qvAbNK1owWQ4mlL,80,0.0889,0.604,197853,0.546,0.0,8,0.0734,-5.691,1,0.151,179.847,4,0.402
290,Kehlani,Nights Like This (feat. Ty Dolla $ign),6ZRuF2n1CQxyxxAAWsKJOy,87,0.367,0.61,201788,0.725,0.0,8,0.154,-5.131,1,0.15,146.163,4,0.291
291,Kygo,Happy Now,14sOS5L36385FJ3OL8hew4,87,0.374,0.693,211362,0.575,0.0,9,0.252,-6.998,1,0.0801,117.999,4,0.492
292,King Princess,1950,0CZ8lquoTX2Dkg7Ak2inwA,83,0.648,0.6,225133,0.535,4.7e-06,4,0.162,-7.043,1,0.107,71.912,4,0.269
293,Ava Max,Sweet but Psycho - Morgan Page Remix,7nbVbGjifh0m2fhPYqcI1R,64,0.0334,0.645,226875,0.795,1.05e-05,1,0.089,-5.439,1,0.0343,127.959,4,0.424
294,Zara Larsson,Ruin My Life,5tAa8Uaqr4VvA3693mbIhU,87,0.423,0.665,190932,0.699,0.0,11,0.0969,-5.265,1,0.0578,124.896,4,0.585
295,Daddy Yankee,Con Calma,5w9c2J52mkdntKOmRLeM2m,100,0.11,0.737,193227,0.86,1.94e-06,8,0.0574,-2.652,0,0.0593,93.989,4,0.656
296,Maximillian,Beautiful Scars,4kS01K2URu522IomkGOFHl,55,0.369,0.7,194757,0.457,0.0,7,0.106,-8.667,1,0.0621,144.905,4,0.433
297,Artigeardit,Joggingsæt,6BwEVjXikIn5HtjcZ3Vmdr,56,0.12,0.765,167721,0.687,5.69e-06,10,0.0796,-6.306,0,0.191,83.011,4,0.485
298,Rasmus Seebach,2017,6TaogF2JHCJFFNsMojFX8P,50,0.225,0.777,222613,0.829,0.0,11,0.0636,-5.479,1,0.203,96.995,4,0.883
299,MellemFingaMuzik,AMG,12upFOLFbpQ5nTENWm2Glj,59,0.005,0.933,153916,0.639,4.48e-06,10,0.0603,-4.967,0,0.163,98.024,4,0.336
300,NODE,De Snakker (feat. Stepz),7c6DueTr5BfxnF4RvtEccH,53,0.323,0.798,208837,0.607,6.13e-05,11,0.106,-7.317,0,0.185,119.908,4,0.653
301,Gilli,Kolde Nætter,6OuXYdo2VotwVcV9kEBqS9,63,0.263,0.746,173790,0.541,2.98e-06,10,0.19,-6.967,0,0.145,97.024,4,0.478
302,ZK,Is,524JtL1vGthFyShePCs0S4,54,0.0464,0.793,166667,0.635,0.0,7,0.0896,-7.076,1,0.0478,107.034,4,0.741
303,ZK,Rosa,01GI20tmIB33e7n9C9HOZI,54,0.313,0.732,161750,0.816,5.45e-06,8,0.105,-5.264,0,0.0931,120.109,4,0.749
304,Christina Perri,A Thousand Years,6z5Yh7kOKeLjqIsNdokIpU,76,0.309,0.421,285120,0.407,0.000961,10,0.11,-7.445,1,0.0267,139.028,3,0.161
305,Rihanna,Love On The Brain,5oO3drDxtziYU2H1X23ZIp,80,0.0777,0.503,224000,0.632,1.3e-05,4,0.0758,-4.854,0,0.0492,171.92,3,0.369
306,Zara Larsson,Don't Worry Bout Me,507tQXutCPYNFkpOq8tmKF,82,0.0797,0.752,208812,0.706,0.000752,5,0.129,-6.274,1,0.0636,125.041,4,0.33
307,Christopher,The Chancer,62hH81CXGCSZ2Qhg3oF6cY,52,0.511,0.612,222955,0.502,0.0,0,0.116,-5.86,1,0.0316,123.084,4,0.232
308,Maroon 5,She Will Be Loved - Radio Mix,4llK75pXNWZz6KAho2Gp16,83,0.249,0.641,259453,0.667,0.0,0,0.0987,-5.505,0,0.0254,102.002,4,0.51
309,Sam Smith,"Fire On Fire - From ""Watership Down""",5rFj8OzffT0iggSjcBaeND,85,0.476,0.584,246735,0.407,0.0,1,0.18,-7.356,0,0.046,115.124,4,0.341
310,Cardi B,I Like It,58q2HKrzhC3ozto2nDdN4z,89,0.099,0.816,253390,0.726,0.0,5,0.372,-3.998,0,0.129,136.048,4,0.65
311,Ude Af Kontrol,Fri I Morgen,5fvdFwTusgGEqaxx20Ga9D,54,0.0959,0.708,187500,0.866,6.72e-06,5,0.0694,-6.829,0,0.258,192.07,1,0.756
312,Astrid S,Think Before I Talk,4lszNcJSaz61QT6gpMhFU1,71,0.364,0.773,184909,0.595,0.0,5,0.154,-5.689,1,0.154,122.043,4,0.53
313,Iyaz,Replay,4E5P1XyAFtrjpiIxkydly4,76,0.173,0.706,182307,0.751,0.0,9,0.168,-6.323,1,0.0708,91.031,4,0.195
314,Post Malone,Go Flex,5yuShbu70mtHXY0yLzCQLQ,83,0.228,0.665,179613,0.498,0.0,5,0.0757,-8.185,1,0.0831,81.967,4,0.127
315,Ude Af Kontrol,Op A,79JoAfAjEcCtFYyeJCGwkK,51,0.139,0.768,146866,0.94,0.0,7,0.104,-4.436,1,0.331,133.988,4,0.404
316,Bro,Glad,7IswsfMQkmjm1FQ2iT3sbw,55,0.0779,0.593,207575,0.712,0.0,8,0.269,-6.078,0,0.264,199.918,4,0.48
317,Hennedub,Holder Fast,0yJshzyh9qjjtiyLBbPglQ,55,0.216,0.665,192970,0.731,0.0,9,0.0813,-4.007,0,0.0636,101.961,4,0.512
318,The Chainsmokers,Hope,4BiiOzZCrXEzHRLYcYFiD5,85,0.488,0.773,180120,0.699,3.6e-06,1,0.0814,-5.982,0,0.0958,104.941,4,0.513
319,Ariana Grande,bloodline,2hloaUoRonYssMuqLCBLTX,88,0.0815,0.758,216893,0.665,0.000157,2,0.216,-5.188,0,0.0774,151.976,4,0.643
320,Khalid,Love Lies (with Normani),45Egmo7icyopuzJN0oMEdk,85,0.0956,0.708,201707,0.648,0.0,6,0.134,-5.626,1,0.0449,143.955,4,0.338
321,Søs Fenger,"Den jeg elsker, elsker jeg",0SqK0ouAOyJUtINNW7pmfU,52,0.308,0.768,277533,0.74,2e-06,5,0.105,-6.324,1,0.0693,112.251,4,0.837
322,Little Mix,Woman Like Me (feat. Nicki Minaj),6rrTr2HEAzlpC4KWZxF3S1,82,0.173,0.757,228207,0.849,0.0,5,0.0878,-3.424,0,0.0536,150.036,4,0.826
323,Benny Jamz,Savannah (feat. Sivas),3K606WrIlKm3YEetpoZIpj,59,0.0313,0.784,171071,0.626,0.0,7,0.212,-5.597,0,0.0681,91.993,4,0.319
324,Christopher,Irony,0UEszsTJ5SezkEQPeAM9S9,66,0.256,0.389,208260,0.479,0.0,5,0.124,-8.029,1,0.0438,152.309,4,0.301
325,Elina,Wild Enough,6oynBOei3VDaRYmBghTCOO,72,0.891,0.501,186658,0.229,0.0,11,0.148,-8.081,1,0.0728,80.876,3,0.286
326,Post Malone,Congratulations,3a1lNhkSLSkpJE4MSHpDu9,87,0.215,0.63,220293,0.804,0.0,6,0.253,-4.183,1,0.0363,123.146,4,0.492
327,Bebe Rexha,Last Hurrah,0i0wnv9UoFdZ5MfuFGQzMy,89,0.175,0.514,150333,0.618,0.0,11,0.117,-4.585,0,0.0317,84.259,4,0.401
328,Thomas Helmig,Det Er Mig Der Står Herude Og Banker På,7CNCYcc5D7ViFS4fsWe3B6,52,0.102,0.68,209773,0.744,0.0,9,0.0317,-8.775,1,0.0309,82.973,4,0.807
329,Ed Sheeran,Perfect Duet (Ed Sheeran & Beyoncé),1bhUWB0zJMIKr9yVPrkEuI,82,0.779,0.587,259550,0.299,0.0,8,0.123,-7.365,1,0.0263,94.992,3,0.356
330,The Weeknd,I Feel It Coming,3dhjNA0jGA8vHBQ1VdD6vV,81,0.426,0.773,269187,0.819,0.0,0,0.0679,-5.946,0,0.118,92.99,4,0.585
331,Ariana Grande,God is a woman,5OCJzvD7sykQEKHH7qAC3C,86,0.0233,0.602,197547,0.658,6e-05,1,0.237,-5.934,1,0.0558,145.031,4,0.268
332,Milbo,25 timer,3ZhbtCVKFtBKjCs9OrZ6rS,57,0.0724,0.726,183297,0.669,0.0,11,0.108,-6.88,0,0.0531,91.088,4,0.575
333,Tiësto,Jackie Chan,4kWO6O1BUXcZmaxitpVUwp,85,0.374,0.747,215760,0.834,0.0,3,0.0586,-2.867,0,0.045,128.005,4,0.687
334,Travis Scott,YOSEMITE,7lAK3oHbfEnvUQWosrMMpR,85,0.283,0.785,150043,0.554,3.4e-06,0,0.116,-6.571,1,0.0409,128.047,4,0.144
335,Ed Sheeran,"I See Fire - From ""The Hobbit - The Desolation Of Smaug""",3B7udSGy2PfgoCniMSb523,77,0.559,0.581,300840,0.0549,0.0,10,0.0718,-20.514,0,0.0397,152.037,4,0.234
336,Kim Larsen,Tarzan Mama Mia,5b1KJwt6MWxVmLzKqOUh81,56,0.0414,0.642,191800,0.833,0.00727,0,0.365,-6.719,1,0.0273,134.306,4,0.73
337,5 Seconds of Summer,Youngblood - R3HAB Remix,2vIzH4NfFGoJHA5rn1dFWT,63,0.0312,0.425,150528,0.771,0.0,7,0.165,-4.293,0,0.0629,142.034,4,0.213
338,Benal,Når Du Kigger På Mig (feat. Clara Sofie),4eM9Yrx03O2HHpYcjPS2Ow,52,0.157,0.904,198002,0.694,2.42e-06,7,0.0861,-6.532,1,0.0486,109.97,4,0.436
339,Calvin Harris,One Kiss (with Dua Lipa),7ef4DlsgrMEH11cDZd32M6,88,0.037,0.791,214847,0.862,2.19e-05,9,0.0814,-3.24,0,0.11,123.994,4,0.592
340,De Danske Hyrder,Billige Bajer,4by3u0nqYuaG7pNURaChpM,53,0.292,0.749,228719,0.528,0.0,1,0.166,-5.174,1,0.0462,85.021,4,0.707
341,Molo,"Safari (feat. Benny Jamz, Gilli & MellemFingaMuzik)",4zEZYOl9qMNG2bp15WsgLB,59,0.0563,0.539,258350,0.599,0.0,4,0.14,-6.727,0,0.233,84.56,4,0.25
342,Molo,Skejsen,4hI5PS8GWCftS1AUgNlJV1,55,0.0258,0.866,305863,0.651,0.0,1,0.21,-6.25,0,0.243,140.103,4,0.492
343,Omar,Ka Du Ik,4jm5AHENFhFjz5m9kXgwQ9,61,0.23,0.76,165083,0.586,6.12e-06,4,0.123,-8.341,0,0.0491,115.044,4,0.858
344,Nik & Jay,Hot!,7xWiCG3N7tFgPTNGVYQoq8,52,0.301,0.831,192840,0.928,7.38e-06,9,0.436,-5.085,0,0.0732,125.008,4,0.944
345,ATYPISK,Øje For Øje (feat. Branco),78wRDr5Di0vdYdBfITOYVb,62,0.122,0.699,159370,0.815,0.0,9,0.136,-5.208,0,0.367,97.914,4,0.595
346,Michael Jackson,Billie Jean,5ChkMS8OtdzJeqyybCc9R5,83,0.0236,0.92,293827,0.654,0.0158,11,0.0359,-3.051,0,0.0401,117.046,4,0.847
347,ICEKIID,Blondiner & Brunetter,6lYuKZ7KA6Xn0EGmlaNfbu,54,0.603,0.899,220877,0.708,0.0,3,0.0385,-5.048,1,0.0975,106.033,4,0.974
348,Ariana Grande,no tears left to cry,2qT1uLXPVPzGgFOx4jtEuo,89,0.04,0.699,205920,0.713,3.11e-06,9,0.294,-5.507,0,0.0594,121.993,4,0.354
349,The Chainsmokers,Closer,7BKLCZ1jbUBVqRi2FVlTVw,86,0.414,0.748,244960,0.524,0.0,8,0.111,-5.599,1,0.0338,95.01,4,0.661
350,ZK,Mama,4RxGzqyeNjgZSIvn9474Zb,52,0.143,0.801,176057,0.399,0.0103,11,0.184,-8.534,1,0.0431,104.969,4,0.333
351,Citybois,Synger For Mig,152DVKl9x5rMk7PWfHcxyr,61,0.245,0.556,194439,0.599,0.0,3,0.146,-6.98,0,0.102,125.745,5,0.757
352,Phlake,Pregnant,0T8dNUoyjJHM2zDgIPK83L,54,0.401,0.498,220933,0.623,0.0,5,0.092,-5.136,0,0.308,79.154,4,0.694
353,Khalid,Twenty One,1NgCWYuBLfqBDA3b8MgSVU,74,0.212,0.776,184200,0.445,0.00409,9,0.124,-8.574,1,0.0371,109.981,4,0.405
354,Kim Larsen,Jutlandia,2azjvC3naXAE7O7VM1jjLR,52,0.102,0.711,236360,0.689,2.97e-06,2,0.115,-8.922,1,0.0297,124.742,4,0.843
355,Sam Smith,Too Good At Goodbyes,1mXVgsBdtIVeCLJnSnmtdV,85,0.652,0.698,201000,0.375,0.0,5,0.173,-8.279,1,0.0491,91.92,4,0.534
356,Rasmus Seebach,Farfar Sang,2N7Vxj9cVpASMoXBQxHhaQ,51,0.461,0.684,279667,0.566,0.0,1,0.0926,-6.836,0,0.0356,124.918,4,0.271
357,Lady Gaga,Always Remember Us This Way,2rbDhOo9Fh61Bbu23T2qCk,88,0.299,0.553,210200,0.502,0.0,0,0.764,-5.972,1,0.0409,129.976,4,0.296
358,Ariana Grande,needy,1TEL6MlSSVLSdhOSddidlJ,89,0.78,0.647,171573,0.309,7.41e-06,7,0.202,-7.948,0,0.0366,87.045,4,0.195
359,Dua Lipa,IDGAF,76cy1WJvNGJTj78UqeA5zr,86,0.0403,0.836,217947,0.544,0.0,7,0.0824,-5.975,1,0.0943,97.028,4,0.51
360,Khalid,Hundred,0HEckRWFSknIupbGzavk5d,75,0.0521,0.772,277080,0.483,0.000375,6,0.377,-10.06,0,0.0564,120.005,4,0.479
361,Julia Michaels,What A Time (feat. Niall Horan),5WtfUKzXircvW8l5aaVZWT,84,0.662,0.518,173307,0.467,0.0,0,0.0853,-6.184,1,0.0302,132.854,4,0.386
362,NOAH,Alt Er Forbi,7GUEu5mRWJEItfmr9XJEFi,51,0.0891,0.502,237907,0.691,0.0,0,0.081,-6.126,1,0.0312,149.975,4,0.341
363,Jonas Brothers,Sucker,4y3OI86AEP6PQoDE6olYhO,98,0.0427,0.842,181040,0.734,0.0,1,0.106,-5.065,0,0.0588,137.958,4,0.952
364,Dean Lewis,7 Minutes,2BkyYZmU4JuWW2sYi9EzpC,83,0.526,0.613,211453,0.739,0.0,10,0.149,-6.478,1,0.0311,104.966,4,0.712
365,KESI,X,7iNiRaxUOvd4seviLprqeb,67,0.13,0.756,181691,0.596,0.0,0,0.216,-5.473,0,0.0359,102.005,4,0.683
366,Benny Jamz,Tjep (feat. Kesi),6Xc6N2ptIEj8z77KDLlj9g,58,0.219,0.839,148482,0.613,0.0,6,0.0837,-5.788,0,0.143,99.991,4,0.806
367,FLETCHER,Undrunk,5SHhPFh68OhUmuRPymKX9d,86,0.455,0.679,183428,0.572,2.41e-06,5,0.127,-6.703,1,0.0781,92.859,4,0.542
368,Niklas,Follow Me,4bU7syO13ky3ZGJRSXg64S,56,0.164,0.808,194652,0.809,2.26e-06,11,0.136,-6.242,1,0.0375,119.988,4,0.628
369,Johnny Deluxe,Drenge Som Mig,6KSYVhtdyL0dRWDW4lbN9w,51,0.0268,0.639,196893,0.704,0.0,9,0.302,-5.592,0,0.0268,97.998,4,0.657
370,Mads Langer,Mellem Linjerne,3CH1cLSBEYSLQjYoAtLTpb,56,0.455,0.339,202531,0.49,0.0,7,0.117,-8.007,1,0.0273,83.205,4,0.354
371,Skinz,Malibu,0EmFeENh4mqxH9Lhro2Oib,55,0.0675,0.689,191144,0.581,0.0,0,0.388,-5.955,1,0.0789,102.748,4,0.539
372,ZK,Bang Bang (feat. NODE),3I2AgUtuZpnjgCXxViiPGX,54,0.356,0.818,196297,0.626,3.22e-05,4,0.0842,-6.677,0,0.0547,100.037,4,0.357
373,KESI,Pengedans,0QLH3xeYZSRXy9YovfVEOI,66,0.156,0.742,177561,0.542,0.0,5,0.103,-7.084,0,0.151,97.971,4,0.427
374,ZK,Ligeglad,0Et9Cr1rfMy9DcKCb6g8RB,54,0.0579,0.518,195237,0.739,0.0,7,0.362,-6.131,0,0.105,200.084,4,0.685
375,Shawn Mendes,There's Nothing Holdin' Me Back,7JJmb5XwzOO8jgpou264Ml,85,0.38,0.866,199440,0.813,0.0,11,0.0779,-4.063,0,0.0554,121.998,4,0.969
376,Smith & Thell,Forgive Me Friend,7mJKfgBVhd5lB3jweVwVQS,71,0.000933,0.588,216000,0.784,1.07e-06,1,0.188,-6.067,1,0.0317,127.914,4,0.607
377,ATYPISK,Så På,7aymLo04lsFLyUZbNOv6nX,54,0.0732,0.74,148585,0.89,0.0,9,0.144,-3.691,0,0.161,120.022,4,0.564
378,Ava Max,Sweet but Psycho,25sgk305KZfyuqVBQIahim,96,0.0691,0.719,187436,0.704,0.0,1,0.166,-4.724,1,0.0476,133.002,4,0.628
379,Maroon 5,Girls Like You (feat. Cardi B),7fa9MBXhVfQ8P8Df9OEbD8,83,0.568,0.851,235545,0.541,0.0,0,0.13,-6.825,1,0.0505,124.959,4,0.448
380,Hugo Helmig,Wild,0kTUf60V9AQTqNVKZAmJKc,67,0.0178,0.693,210908,0.72,1.44e-05,1,0.0544,-5.661,1,0.0362,94.995,4,0.767
381,Clean Bandit,I Miss You (feat. Julia Michaels),0Ult84lvFuqNvbyXwyRQ58,82,0.299,0.693,205987,0.624,7.64e-06,0,0.0955,-7.482,0,0.0448,105.002,4,0.369
382,David Guetta,Better When You're Gone,4Tvw0lweq9l2JPQKFbpbBQ,85,0.0635,0.647,192402,0.795,0.0,1,0.188,-3.548,0,0.0372,127.992,4,0.409
383,Macklemore & Ryan Lewis,Can't Hold Us - feat. Ray Dalton,3bidbhpOYeV4knp8AIu8Xn,82,0.0291,0.641,258343,0.922,0.0,2,0.0862,-4.457,1,0.0786,146.078,4,0.847
384,Kim Larsen,Papirsklip,0B52e8kJrbBzUfTMP1O4Ss,56,0.329,0.775,202347,0.743,0.00066,0,0.33,-8.166,1,0.0285,119.282,4,0.856
385,Owl City,Fireflies,3DamFFqW32WihKkTVlwTYQ,80,0.0294,0.591,228347,0.649,0.0,3,0.133,-6.72,1,0.0417,90.002,4,0.489
386,Shawn Mendes,Lost In Japan,79esEXlqqmq0GPz0xQSZTV,85,0.255,0.713,201200,0.738,0.0,10,0.106,-6.784,1,0.374,105.027,4,0.425
387,Martin Garrix,Ocean (feat. Khalid),3nc420PXjTdBV5TN0gCFkS,84,0.584,0.506,216420,0.693,9.58e-05,0,0.0891,-7.265,0,0.0412,139.912,4,0.221
388,Charli XCX,1999,05mAIVLkIWc2d1UBYZBCp8,82,0.0227,0.739,189000,0.742,1.39e-06,7,0.229,-4.586,1,0.0329,124.016,4,0.659
389,Lukas Graham,Love Someone,3id2EVGKc3eFAMn9nFnB0r,77,0.172,0.538,205440,0.409,0.0,9,0.11,-6.581,0,0.0505,171.838,4,0.265
390,Rocazino,All My Love,49clGe0PtbYUx3vB7tyk3A,55,0.00614,0.773,214320,0.627,3.13e-06,4,0.0963,-6.037,0,0.0316,129.464,4,0.666
391,Zara Larsson,Lush Life,1rIKgCH4H52lrvDcz50hS8,80,0.133,0.694,201122,0.712,0.0,7,0.211,-3.923,0,0.046,98.022,4,0.799
392,Maggie Lindemann,Pretty Girl - Cheat Codes X CADE Remix,39IsH7B5byx8NRlEKlZVg9,75,0.15,0.703,193613,0.868,0.132,7,0.104,-4.661,0,0.0291,121.03,4,0.733
393,Clara,Crazy,2SLn2MQzKGwCJXFF6Gntg7,63,0.595,0.781,215713,0.535,0.0,6,0.0694,-7.403,0,0.248,144.875,4,0.483
394,Sam Smith,Dancing With A Stranger (with Normani),6Qs4SXO9dwPj5GKvVOv8Ki,96,0.45,0.741,171030,0.52,1.97e-06,8,0.222,-7.513,1,0.0656,102.998,4,0.347
395,Phlake,The Rascal - Edit,5JRcKmbhayAgoW1MxZnCP1,54,0.415,0.564,211000,0.67,1.65e-05,9,0.103,-7.654,1,0.252,179.847,4,0.765
396,Citybois,Helt Fair (feat. ICEKIID),718FFE3JT8bFt0ePGZ3naw,56,0.008,0.852,170532,0.573,0.0,8,0.116,-6.849,0,0.141,96.015,4,0.801
397,Jonas Blue,Rise,3u1S1OmAUhx5DRlLrXqyp3,86,0.323,0.69,194408,0.784,0.0,1,0.203,-4.653,1,0.032,106.066,4,0.669
398,Eebz,Catalonia,5I4V6rPavVbeOLHfyZNVPm,55,0.139,0.774,188801,0.75,0.0,4,0.11,-4.716,0,0.0543,105.036,4,0.535
399,Benal,Nu Her,73skF4Y2MgeL9YwJYv4ac9,53,0.378,0.967,242269,0.7,1.98e-06,0,0.321,-6.204,1,0.1,115.968,4,0.654
400,ICEKIID,Stamina,7o2hcKl6W9lJeYdq7rBgtB,61,0.00631,0.808,163604,0.704,0.000279,8,0.0938,-3.497,1,0.0403,114.009,4,0.196
401,NAVID,Chin Chan Chun,4rg3DIauQkKLgw2wSNGwhP,56,0.476,0.817,158285,0.696,0.0,9,0.0714,-5.781,1,0.117,139.987,4,0.856
402,Jess Glynne,I'll Be There,083Qf6hn6sFL6xiOHlZUyn,81,0.0228,0.623,193924,0.851,0.0,7,0.12,-3.111,1,0.0409,100.063,4,0.4
403,Khalid,Talk - Disclosure VIP,3uXHSf9sSIpOJWuC1H8DiU,58,0.0158,0.775,273229,0.867,0.0117,4,0.0355,-7.388,0,0.204,128.956,4,0.565
404,Dennis Lloyd,Never Go Back,2QrXzOqLCVDRZHkToA0tSR,84,0.0135,0.421,175424,0.653,0.0,9,0.114,-4.85,0,0.398,78.6,4,0.733
405,Khalid,Bluffin',42w7pX3r1TpLR0i55Ek5ND,73,0.354,0.529,199240,0.314,0.000436,0,0.102,-10.323,1,0.0461,129.664,3,0.288
406,Drake,Nice For What,3CA9pLiwRIGtUBiMjbZmRw,85,0.0891,0.586,210747,0.909,0.000109,8,0.119,-6.474,1,0.0705,93.394,4,0.757
407,Clean Bandit,Solo (feat. Demi Lovato),6kPJZM97LwdG9QIsT7khp6,87,0.0441,0.737,222653,0.636,6.66e-05,11,0.35,-4.546,0,0.0437,105.005,4,0.565
408,Sko/Torp,On A Long Lonely Night,3Pjt5EH19qUerS1xfw6aNC,51,0.228,0.752,236800,0.649,0.00187,5,0.164,-7.586,1,0.0271,111.911,4,0.724
409,FOOL,Outcast,6jnDfM8vtRWgN7R4XSQpWJ,54,0.174,0.68,197578,0.693,2.67e-05,1,0.0827,-5.414,1,0.109,187.848,4,0.566
410,Bebe Rexha,I'm a Mess,04ZTP5KsCypmtCmQg5tH9R,86,0.00281,0.63,195519,0.694,0.0,11,0.0719,-6.257,0,0.0253,97.005,4,0.216
411,Post Malone,Psycho (feat. Ty Dolla $ign),3swc6WTsr7rl9DqQKQA55C,89,0.58,0.739,221440,0.559,0.0,8,0.112,-8.011,1,0.117,140.124,4,0.439
412,De To Musketerer,Hånder,4EDKjfURx9l9dPOTPbrc3T,54,0.41,0.848,168980,0.723,3.72e-06,8,0.0797,-6.396,0,0.138,124.942,4,0.662
413,Carmon,Bando,6L6chwayZ6gfRACg5xpFww,61,0.204,0.832,168670,0.69,4.31e-06,3,0.126,-5.952,0,0.135,105.03,4,0.505
414,The Minds Of 99,Hurtige Hænder - Acoustic Version - Moyo Live P3,3D0VPp6nCN9dsyUjFv2BvP,56,0.459,0.419,251633,0.259,0.0,7,0.711,-14.836,1,0.0359,126.891,4,0.294
415,Fouli,Million,3bsjdAwV1wjPM0abu8Lutl,60,0.0656,0.779,171247,0.665,0.0,10,0.0802,-6.077,0,0.175,139.902,4,0.511
416,Calvin Harris,Promises (with Sam Smith),5N5k9nd479b1xpDZ4usjrg,90,0.0119,0.781,213309,0.768,4.91e-06,11,0.325,-5.991,1,0.0394,123.07,4,0.486
417,Post Malone,White Iverson,6eT7xZZlB2mwyzJ2sUKG6w,83,0.233,0.675,256533,0.562,0.0,7,0.0816,-7.678,1,0.0352,130.098,4,0.309
418,TopGunn,VARM,4zIonNNfOMBWfTww8LWuFu,54,0.0637,0.694,144958,0.724,0.000107,1,0.095,-6.557,1,0.246,189.974,4,0.77
419,Khalid,Saturday Nights,1fHRzxbts9A8J1ergDe7Kz,72,0.634,0.574,211627,0.37,9.38e-05,10,0.0986,-10.803,1,0.0841,83.162,4,0.354
420,Nik & Jay,Dråber Af Lys,3OeaEFXsYtndCkAu5aiSbt,42,0.38,0.677,210920,0.491,0.0,1,0.0666,-8.519,0,0.319,88.019,4,0.454
421,Faustix,Thorns,6DuE8kXIDJ3oiCibWXmgeN,62,0.031,0.708,186000,0.825,0.0,4,0.191,-3.117,1,0.0615,109.991,4,0.662
422,DJ Khaled,No Brainer,5WvAo7DNuPRmk4APhdPzi8,84,0.0733,0.552,260000,0.76,0.0,0,0.0865,-4.706,1,0.342,135.702,5,0.639
423,Hans Philip,Stjerneklarenætterrr,0z9qhJgNoQw69DCqNSelIS,55,0.604,0.693,244100,0.224,0.00809,9,0.0733,-10.549,0,0.0454,75.06,4,0.307
424,ATYPISK,Chopper Tale (feat. Branco & Gilli),6vOwDZnFovhiJiQEgiePTE,54,0.162,0.705,254029,0.569,0.0,9,0.134,-5.897,1,0.237,139.875,4,0.436
425,Citybois,Pool,5WQ8ISlwGUrkdtxTbajDJ1,52,0.147,0.749,179308,0.805,0.0,5,0.107,-5.193,0,0.0824,108.016,4,0.709
426,Jonas Blue,What I Like About You (feat. Theresa Rex),4NSW0Km5ZG60L8FthUebPJ,80,0.289,0.46,220396,0.8,6.16e-06,1,0.121,-3.584,1,0.05,102.46,4,0.553
427,Ankerstjerne & Burhan G,Tag Hvad Du Vil,0q7rCAjAE6VUzHknqPRJvK,52,0.128,0.673,205676,0.825,0.0,10,0.0715,-5.473,1,0.126,87.519,4,0.68
428,David Guetta,Like I Do,6RnkFd8Fqqgk1Uni8RgqCQ,80,0.00664,0.635,202500,0.9,0.0145,0,0.37,-3.719,0,0.0377,127.978,4,0.15
429,Drake,God's Plan,6DCZcSspjsKoFjzjrWoCdn,89,0.0332,0.754,198973,0.449,8.29e-05,7,0.552,-9.211,1,0.109,77.169,4,0.357
430,Nik & Jay,En dag tilbage,5xbVoqGASUuEV2mp5LXrRz,54,0.522,0.748,267440,0.492,5.11e-06,10,0.163,-6.264,0,0.0449,93.009,4,0.349
431,NODE,Diana,1Ohg3i1ZV1oQcRzDRYFd5p,63,0.0149,0.827,148652,0.573,0.0,11,0.157,-5.936,0,0.202,99.951,4,0.57
432,SAVEUS,Ready To Die,6bvlpeJDPLKgizPumNusBi,51,0.134,0.4,209022,0.655,0.0,4,0.0966,-5.626,1,0.0531,92.188,4,0.416
433,Zara Larsson,I Can't Fall in Love Without You,4VPXFi4vFTtS9wHe6oMQaT,78,0.784,0.485,180640,0.332,0.000122,4,0.146,-9.244,1,0.0338,130.813,4,0.273
434,Travis Scott,STARGAZING,7wBJfHzpfI3032CSD7CE2m,83,0.00947,0.487,270715,0.789,4.05e-06,8,0.189,-3.69,1,0.044,150.007,4,0.0564
435,Bro,Sydpå,1lahfyqBPVvBIxf3XgmQmZ,60,0.184,0.807,186627,0.716,0.0,10,0.097,-5.27,1,0.154,99.939,4,0.667
436,Ellie Goulding,Close To Me (with Diplo) (feat. Swae Lee),5JEx7HbmvHQQswJCsoo9rA,91,0.0969,0.574,182623,0.758,0.0,1,0.395,-5.029,0,0.0621,144.111,4,0.492
437,Loud Luxury,Body (feat. brando),7K7MUBCnzgBAvMVW2RTWNs,69,0.0476,0.752,163216,0.764,9.44e-05,1,0.0543,-4.399,1,0.038,121.958,4,0.582
438,Tom Walker,Just You and I,2n48BjaFSczfeIG3HaIaPv,83,0.456,0.567,174983,0.696,0.0,9,0.113,-5.416,1,0.301,92.061,4,0.544
439,5 Seconds of Summer,Youngblood,55S2PQgSMYAhgoTCcGCDfw,84,0.0169,0.596,203418,0.854,0.0,7,0.124,-5.114,0,0.463,120.274,4,0.152
440,Ed Sheeran,Photograph,1HNkqx9Ahdgi1Ixy2xkKkL,86,0.607,0.614,258987,0.379,0.000464,4,0.0986,-10.48,1,0.0476,107.989,4,0.201
441,Lady Gaga,Shallow - Radio Edit,6QfS2wq5sSC1xAJCQsTSlj,88,0.416,0.575,217213,0.33,0.0,7,0.0872,-6.557,1,0.031,95.801,4,0.277
442,Gilli,Rica,69oJmQ3NnWHQriYQ4L8dKa,56,0.35,0.791,212581,0.75,0.0,9,0.294,-4.491,0,0.143,95.984,4,0.822
443,Benny Jamz,Uuh (feat. Branco & Kesi),1wS6eqgFznjq4P11vtBH7k,60,0.021,0.76,214877,0.779,3.61e-05,11,0.186,-6.675,0,0.092,151.977,4,0.594
444,Nicklas Sahl,New Eyes,5nvPhsgDEqEHQ3bLTfqDsd,65,0.128,0.74,215690,0.533,0.0,7,0.0837,-6.083,1,0.0398,94.977,4,0.568
445,Olly Murs,Moves (feat. Snoop Dogg),6gLTlewjPtazYnOa9I5Bno,72,0.113,0.598,165106,0.891,0.0,9,0.168,-3.458,0,0.262,202.039,4,0.942
446,Scarlet Pleasure,Deja vu,4A5X60HdwE5AqCyqq8ojQZ,55,0.37,0.852,209091,0.547,7.03e-06,5,0.34,-9.095,0,0.245,104.974,4,0.705
447,MKTO,Classic,6FE2iI43OZnszFLuLtvvmg,78,0.0384,0.72,175427,0.791,0.0,1,0.157,-4.689,1,0.124,102.071,4,0.756
448,John Mayer,New Light,3bH4HzoZZFq8UpZmI2AMgV,85,0.325,0.828,216015,0.689,0.0384,7,0.0808,-7.878,1,0.0326,123.931,4,0.853
449,Ava Max,So Am I,0uUNN1nSoUx1A4fkDCWDQ7,89,0.0754,0.684,184296,0.677,0.0,6,0.133,-4.034,1,0.0464,130.141,4,0.595
450,ICEKIID,Kamehameha,3AE6oAwInWyvyreWAQ38vA,54,0.0118,0.9,159090,0.446,1.36e-06,0,0.0425,-7.064,0,0.0757,123.931,4,0.641
451,Sam Smith,I'm Not The Only One,7795WJLVKJoAyVoOtCWqXN,84,0.529,0.677,239317,0.485,2.04e-05,5,0.0766,-5.795,1,0.0361,82.001,4,0.493
452,ZK,Zum Zum,2lZEnKxY1v6wgR8ipQMwEI,57,0.5,0.826,179046,0.51,0.000531,1,0.138,-8.626,0,0.0813,115.084,4,0.62
453,Omar,Dem,7eIEisWaU1sKC32LBogYnW,57,0.346,0.757,146579,0.515,4.56e-05,5,0.0962,-9.68,1,0.057,95.037,4,0.304
454,Hugo Helmig,Wild - LCAW Remix,5XQaLAy4lzyGZrolTCWLJU,53,0.256,0.784,189153,0.71,0.000132,6,0.319,-6.734,1,0.051,117.965,4,0.443
455,Ed Sheeran,Supermarket Flowers,4VuS959DSpr82t3qBqCrWG,80,0.914,0.589,221107,0.242,0.0,6,0.0887,-10.517,1,0.0442,89.749,4,0.257
456,Ariana Grande,fake smile,3wFLWP0FcIqHK1wb1CPthQ,86,0.329,0.45,208880,0.619,0.0,9,0.319,-7.412,1,0.372,83.3,4,0.427
457,Years & Years,If You're Over Me,01k24g94i1JvkFLQmVEdCd,77,0.0615,0.647,189000,0.853,0.0,8,0.062,-4.516,1,0.0904,103.846,4,0.618
458,5 Seconds of Summer,Lie To Me (feat. Julia Michaels),6GzApXoBQiiAjak3tOQfV3,84,0.0132,0.611,149878,0.52,0.0,0,0.105,-5.445,1,0.0346,159.927,4,0.771
459,Ed Sheeran,Shape of You,7qiZfU4dY1lWllzX7mPBI3,88,0.581,0.825,233713,0.652,0.0,1,0.0931,-3.183,0,0.0802,95.977,4,0.931
460,Akon,Smack That,3qKGvSu1inEZKwYQnMavNA,74,0.317,0.94,212360,0.743,0.0,5,0.0909,-5.166,0,0.0475,118.988,4,0.932
461,Anne-Marie,2002,4Pbg79cTBu4vgSphoyNq3j,84,0.0372,0.697,186987,0.683,0.0,1,0.137,-2.881,0,0.117,96.133,4,0.603
462,Adele,Someone Like You,6QPKYGnAW9QozVz2dSWqRg,79,0.893,0.554,285240,0.321,0.0,9,0.0996,-8.251,1,0.028,135.047,4,0.288
463,Hozier,Take Me To Church,3dYD57lRAUcMHufyqn9GcI,80,0.586,0.561,241688,0.667,0.0,4,0.116,-5.191,0,0.0508,128.962,4,0.385
464,Kim Larsen,Fætter Fritz,2opQMS4qffAKXTKdjFnJvn,50,0.739,0.735,182773,0.755,1.77e-06,6,0.13,-8.216,0,0.0256,112.009,4,0.841
465,Lauv,i'm so tired...,7COXchtUOMd6uIT6HvmRaI,95,0.176,0.599,162583,0.733,0.0,11,0.242,-7.058,1,0.203,102.211,4,0.534
466,NAVID,Rum Bum Bum,0QzldbZnd9gLpor4S2EzJc,59,0.309,0.583,158596,0.624,0.000335,2,0.0569,-5.478,0,0.0482,95.38,3,0.784
467,Suspekt,Proletar (Hvor Jeg Står),4XNxIEYsEjK2Cu67brXBGq,53,0.462,0.663,233280,0.761,0.0,1,0.329,-5.46,1,0.283,74.647,4,0.629
468,Ed Sheeran,Galway Girl,0afhq8XCExXpqazXczTSve,83,0.0735,0.624,170827,0.876,0.0,9,0.327,-3.374,1,0.1,99.943,4,0.781
469,Kim Larsen,Koppen Med Den Skårede Hank,3vunUVLSrkxQ3YZddarLrd,49,0.887,0.721,187787,0.746,0.0108,2,0.212,-8.334,1,0.0267,96.995,4,0.836
470,Avicii,Wake Me Up,4h8VwCb1MTGoLKueQ1WgbD,85,0.00346,0.518,247427,0.784,0.00187,2,0.171,-5.659,1,0.0524,124.102,4,0.588
471,Sivas,Oui,7j8K8PE1tO2TvhY15E8ZcD,64,0.0244,0.837,188273,0.802,0.00874,4,0.307,-6.507,0,0.188,127.008,4,0.453
472,Bruno Mars,Just the Way You Are,47Slg6LuqLaX0VodpSCvPt,78,0.0151,0.637,220733,0.843,0.0,5,0.0876,-5.413,1,0.0432,109.012,4,0.434
473,Passenger,Let Her Go,7DFNE7NO0raLIUbgzY2rzm,77,0.385,0.509,252867,0.538,0.0,7,0.104,-7.335,1,0.0572,75.089,4,0.244
474,benny blanco,Roses (with Juice WRLD feat. Brendon Urie),5YAP8zpqj1eIX88makBjDe,83,0.166,0.613,223543,0.6,0.0,8,0.117,-7.097,1,0.154,147.059,4,0.532
475,Bebe Rexha,Meant to Be (feat. Florida Georgia Line),7iDa6hUg2VgEL1o1HjmfBn,85,0.047,0.643,163870,0.783,0.0,10,0.083,-6.458,1,0.0856,154.084,4,0.579
476,TopGunn,Undskyld Jeg Ringer,15lpeUEHK9281rTxWqSJdO,53,0.259,0.858,168654,0.554,0.0,11,0.285,-6.81,0,0.0598,127.849,4,0.845
477,Dennis Lloyd,Nevermind,63SevszngYpZOwf63o61K4,84,0.156,0.592,156600,0.691,9.78e-06,3,0.418,-8.354,1,0.196,99.976,4,0.0796
